DJ,Count,Soundcloud_Link,Soundcloud_User_ID
RON LIKE HELL,51,https://soundcloud.com/ronlikehell,565300
RYAN SMITH,43,https://soundcloud.com/mistersmithnyc,426260
WORD OF COMMAND,33,https://soundcloud.com/wordofcommand,2828366
DJ CLONE,30,https://soundcloud.com/djclone1,4899464
LYDO,24,https://soundcloud.com/lydole,6737198
KATIE REX,23,https://soundcloud.com/katierexofficial,3068582
AUSPEX,23,https://soundcloud.com/djauspex,143256681
VOLVOX,21,https://soundcloud.com/volvox,5506
JUSTIN CUDMORE,17,https://soundcloud.com/cudmore,42920
FUNCTION,15,,
ELLE DEE,14,https://soundcloud.com/djelledee,12991589
UMFANG,12,https://soundcloud.com/umfang,8011476
KYRUH,12,https://soundcloud.com/kyruhx,723703534
MIKE SERVITO,11,https://soundcloud.com/mikeservito,170303
NE/RE/A,10,https://soundcloud.com/nereadelrio,50441443
LYCHEE,10,https://soundcloud.com/lycheefrut,3165462
JUANA,10,https://soundcloud.com/thatjuana,3876748
AKUA,10,https://soundcloud.com/akua_dj,19356723
YOUNG MALE,9,https://soundcloud.com/youngmale,7030417
RACHEL NOON,9,https://soundcloud.com/wasps-world,304028042
TT,8,https://soundcloud.com/tt-britt,69634669
NDRX,8,https://soundcloud.com/nod-rex,1640271
JULIANA HUXTABLE,8,https://soundcloud.com/julianahuxtable,2936767
DAIYAH,8,https://soundcloud.com/daiyahwilliams,28577656
ANCIENT METHODS,8,https://soundcloud.com/ancient-methods,10889
ANA B,8,https://soundcloud.com/anabnyc,51370925
XIORRO,7,https://soundcloud.com/xiorro,270398833
WTCHCRFT,7,https://soundcloud.com/wtchcrft2,19366939
PHASE FATALE,7,https://soundcloud.com/phasefatale,78891253
NEWA,7,https://soundcloud.com/newa,3157863
D.DAN,7,https://soundcloud.com/ddan-sounds,148052084
CLARISA KIMSKII,7,https://soundcloud.com/kimskii,564231
ANTHONY PARASOLE,7,https://soundcloud.com/anthonyparasole,314457719
ANNIE LEW,7,https://soundcloud.com/annieelew,183193965
ÆON,7,https://soundcloud.com/aaaeeeooonnnnn,947961526
VERONICA VASICKA,6,https://soundcloud.com/minimalwave,1763818
PERC,6,https://soundcloud.com/perc,33658
MADISON MOORE,6,https://soundcloud.com/madison-alexander-moore,32012034
FIEDEL,6,https://soundcloud.com/fiedelone,45739180
COTTON,6,,
ANTENES,6,https://soundcloud.com/antenes,21268721
WATA IGARASHI,5,,
TIN MAN,5,,
SILENT SERVANT,5,,
REGAL,5,,
REBEKAH,5,,
OSCAR MULERO,5,,
MCMLXXXV,5,,
MATRIXXMAN,5,,
LISAS,5,,
L.SANGRE,5,,
KANGDING RAY,5,,
JANUARY HUNT,5,,
HÉCTOR OAKS,5,,
FREDDY K,5,,
ETAPP KYLE,5,,
DEVOYE,5,https://soundcloud.com/devoye,7220962
DANIEL AVERY,5,,
CONCRETE HUSBAND,5,,
BEATRICE,5,,
AURORA HALAL,5,,
ADRIANA LOPEZ,5,,
ADRESTIA,5,,
ABBY ECHIVERRI,5,,
TRUNCATE,4,,
TOMMY FOUR SEVEN,4,,
TERENCE FIXMER,4,,
TAPEFEED,4,,
STERAC,4,,
STEF MENDESIDIS,4,,
SPLOOFI,4,,
SOMEWHEN,4,,
SHAUN J. WRIGHT,4,https://soundcloud.com/shaunjwright,17807782
SCHACKE,4,https://soundcloud.com/schacke,2079408
SANDRIEN,4,,
RRAO,4,,
RANDOMER,4,,
PHILIPPA PACHO,4,,
PEACHLYFE,4,,
PARTOK,4,https://soundcloud.com/partok,1104
MORENXXX,4,,
LUKE SLATER,4,,
JASON KENDIG,4,https://soundcloud.com/kendig,182791
HOLDEN FEDERICO,4,,
HENNING BAER,4,,
FADEFACE,4,,
DVS1,4,,
CLAY WILSON,4,,
CHLOE LULA,4,,
CEM,4,,
CALI ROSE,4,,
ANSWER CODE REQUEST,4,,
AMANDA MUSSI,4,,
VINCENT NEUMANN,3,,
TYGAPAW,3,,
SUGAR,3,,
SLAM,3,,
SHDW,3,,
SCHWEFELGELB,3,,
SAUSHA,3,,
ROBERT HOOD,3,,
RELAXER,3,,
QUELZA,3,,
PURE IMMANENCE,3,,
ORPHX,3,,
NUR JABER,3,,
NØRBAK,3,,
NONCOMPLIANT,3,,
MOS,3,,
MAX WATTS,3,,
MARY YUZOVSKAYA,3,,
MARCEL FENGLER,3,,
MAMA SNAKE,3,,
LSDXOXO,3,,
LONG COUNT CYCLE,3,,
KANCHELI,3,,
JOEY BELTRAM,3,,
ISABELLA KOEN,3,,
HYPERAKTIVIST,3,,
HIROKO YAMAMURA,3,,
HEIDI SABERTOOTH,3,,
HEADLESS HORSEMAN,3,,
GIA,3,,
GALCHER LUSTWERK,3,,
FLAVIA LAUS,3,,
FJAAK,3,,
FADI MOHEM,3,,
ERIKA,3,,
DR. RUBINSTEIN,3,,
DJ STINGRAY 313,3,,
DJ BONE,3,,
DEEPAK SHARMA,3,,
DEE DIGGS,3,https://soundcloud.com/dee_diggs,28228769
DAMON BRADLEY,3,,
BRYAN KASENIC,3,,
BRENECKI,3,,
BAS MOOY,3,,
ANETHA,3,,
ANALOG SOUL,3,https://soundcloud.com/analogsoul_nyc,847422
ALEX.COSMOS,3,,
999999999,3,,
YONTI,2,,
X CLUB.,2,,
WRECKED,2,,
VTSS,2,,
VSK,2,,
VOIN ORUWU,2,,
VATICAN SHADOW,2,,
UFO95,2,,
TT (NYC),2,,
TORIBIO,2,,
TOMÁS URQUIETA,2,,
THE CARRY NATION,2,https://soundcloud.com/the-carry-nation,7140237
TALISMANN,2,,
TAKAAKI ITOH,2,,
SWARM INTELLIGENCE,2,,
STEVE BICKNELL,2,,
SPEEDY SPICE,2,,
SNTS,2,,
SHYBOI,2,,
SHY EYEZ,2,,
SHLØMO,2,,
SEVYN 0000,2,,
SARA LANDRY,2,,
SALOME,2,,
RYKER,2,,
RROSE,2,,
ROSE KOURTS,2,https://soundcloud.com/rosekourts,71418829
RON MORELLI,2,,
RØDHÅD,2,,
ROB SEURAT,2,,
REALMZ,2,,
PROTEUS,2,,
PHILIPP STROBEL,2,,
PH (12),2,,
PAUL FLEETWOOD,2,,
PATRICK RUSSELL,2,,
PANGAEA,2,,
PAÀL,2,,
OLIVE T,2,,
OCTONOMY,2,,
OBSCURE SHAPE,2,,
NIHAL RAMCHANDANI,2,,
NICOLÒ BERNARDI,2,,
MUERTE LENTA,2,,
MOTIV-A,2,,
MISS PARKER,2,,
MIKE DEARBORN,2,,
MANNI DEE,2,,
MAKATON,2,,
MAEDON,2,,
MADNESS OF,2,,
LOGAN TAKAHASHI,2,,
LDY OSC,2,,
LADY STARLIGHT LIVE,2,,
KXAH,2,,
KIM ANN FOXMAN,2,,
KIKI KUDO,2,,
KI/KI,2,,
JOSELO,2,,
JOHN BARERA,2,,
JOEY QUINONES,2,,
JEK,2,,
JASMINE INFINITI,2,,
JAMES RUSKIN,2,,
JAMAICA SUK,2,,
J. ALBERT,2,,
IRAKLI,2,,
HONCHO,2,,
HARUKA,2,https://soundcloud.com/haruka_ptc,244907533
GOODDROID,2,,
GAUL PLUS,2,,
FURTIVE,2,,
FRANKIE BONES,2,,
FRANÇOIS X,2,,
FASHION,2,,
ERIC UMBLE,2,,
ELLI ACULA,2,,
EGOTOT,2,,
DRUMCELL,2,,
DONNY BURLIN,2,,
DJ HEALTHY,2,,
DISKONNECTED,2,,
DEREK PLASLAIKO,2,,
DEFLECTOR,2,,
DAX J,2,,
DASHA RUSH,2,,
DARIA KOLOSOVA,2,,
CSILLA,2,,
CRESSIDA,2,,
CHLÄR,2,,
CARLOS SOUFFRONT,2,,
BUZZI,2,,
BORIS,2,,
BLUE HOUR,2,,
BEN KLOCK,2,,
BECKA DIAMOND,2,,
BAUGRUPPE90,2,,
BATU,2,,
ARVIN T,2,,
ARIEL ZETINA,2,,
ANDI,2,,
AMX,2,,
AMOTIK,2,,
ALONZO,2,,
ALARICO,2,,
AGONIS,2,,
ACEMO,2,,
AADJA,2,,
1MORNING,2,,
ZADIG,1,,
YAZZUS,1,,
YANT,1,,
X TIN,1,,
WALLIS,1,,
VULKANSKI,1,,
VIPER DIVA,1,,
VILE,1,,
VICKI POWELL,1,,
VERRACO,1,,
VEL,1,,
VAGUE MÉCANIQUE LIVE,1,,
UVB,1,,
UUN,1,,
UNHUMAN,1,,
UFO95 LIVE,1,,
TWEEMAN,1,,
THOMAS P. HECKMANN,1,,
THOMAS HESSLER,1,,
THAM,1,,
TERRENCE DIXON,1,,
T.WAN,1,,
SURGEON,1,,
SUPERGLOSS,1,,
SUNRISE HUNTER,1,,
SUCCUBASS,1,,
STEYA,1,,
STEFFI,1,,
STARRK,1,,
STARKK,1,,
SPFDJ,1,,
SOPHIA SAZE,1,,
SHIFTED,1,,
SHDW & OBSCURE SHAPE,1,,
SHARLESE,1,,
SETAOC MASS,1,,
SELECTIVE RESPONSE,1,,
SCALAMERIYA,1,,
S&M,1,,
RYAN JAMES FORD,1,,
RYAN ELLIOTT,1,,
RUIZ OSC1,1,,
ROMAN FLÜGEL LIVE,1,,
RÒMAN,1,,
ROLA,1,,
RØDHAD,1,,
RENE WISE,1,,
REN G,1,,
REGIS,1,,
QUEST?ONMARQ,1,,
PHIL BERG,1,,
PEARSON SOUND,1,,
PAULA KOSKI,1,,
PARRISH SMITH,1,,
PARFAIT,1,,
PARALLX,1,,
P.E.A.R.L.,1,,
OBJEKT,1,,
Ø [PHASE],1,,
NTHNG,1,,
NIGHT DOLL,1,,
NEBBIERI,1,,
NASTIA REIGEL,1,,
NASTIA,1,,
MUTUALISM,1,https://soundcloud.com/mutualism_music,10430082
MOTIVE-A,1,,
MOMENT OF TERROR,1,,
MIKE PARKER,1,,
MEMPHY,1,,
MARKUS,1,,
MAREENA,1,,
MARCO NEVES,1,,
MANU MIRAN,1,https://soundcloud.com/manumiran,26680463
MADWOMAN,1,,
MAC DECLOS,1,,
LOLSNAKE,1,,
LOKIER,1,,
LOBSTER,1,,
LIVWUTANG,1,,
LINDSEY HERBERT,1,,
LIMITBREAK!,1,,
LEWIS FAUTZI,1,,
LEVON VINCENT,1,,
LENNART WIEHE,1,,
LEGOWELT,1,,
LEESH,1,,
LEEON,1,,
LDS,1,,
LAUREN FLAX,1,https://soundcloud.com/laurenflax,14295
LAURA BCR,1,,
LARS HUISMANN,1,,
LACCHESI,1,,
KR!Z,1,,
KOZHA,1,,
KILBOURNE,1,,
KAISER,1,,
JURI HEIDEMANN,1,,
JULIA GOVOR,1,,
JUAN ATKINS,1,,
JOTON,1,,
JOEL MULL,1,,
JAY YORK,1,,
JASSS,1,,
J.MANUEL,1,,
IREEN AMNES,1,,
IAN CRANE,1,https://soundcloud.com/the_icrane,260876118
I HATE MODELS,1,,
HORSE MEAT DISCO,1,,
HIM HUN,1,,
HIEROGLYPHIC BEING,1,,
HADONE,1,,
GUILT ATTENDANT,1,,
GABBERBITCH69,1,,
FUTURE.666,1,,
FJAAK LIVE,1,,
FATHERHOOD,1,,
FALSEBOI,1,,
FALSE WITNESS,1,,
FABRIZIO LAPIANA,1,,
EZY,1,,
EVIGT MÖRKER,1,,
ESTOC,1,,
ESTHER DUNE,1,,
ESTELLA BOERSMA,1,,
ELLEN ALLIEN,1,,
EFDEMIN,1,,
DUSTIN ZAHN,1,,
DOLLHOUSE,1,,
DJ STINGRAY,1,,
DJ SKULL,1,,
DJ SALIVA,1,https://soundcloud.com/djjsaliva,455336625
DJ RICHARD,1,,
DJ HYPERDRIVE,1,,
DJ HYPERACTIVE,1,,
DJ HOCKEY,1,,
DINA,1,,
DERRICK MAY,1,,
DENISE RABE,1,,
DEEPNEUE,1,,
DAY THIEF,1,,
DASHA REDKINA,1,,
CTRLS,1,,
CONNOR WRONG,1,,
COMO SE DJ,1,,
CLOUDS,1,,
CLERIC,1,,
CLARK PRICE,1,,
CHONTANE,1,,
CALEB ESC,1,,
BURNER ACCOUNT,1,,
BROKEN ENGLISH CLUB,1,,
BOSTON 168,1,,
BLOODY MARY,1,,
BLASHA & ALLATT,1,,
BLANKA,1,,
BJARKI,1,,
BÉZIER,1,,
BEN SIMS,1,,
BARKER,1,,
BAPARI,1,,
ATSUSHI MAEDA,1,,
ATEQ,1,,
AÖCRAM,1,,
ANTPUKE,1,,
ANSOME,1,,
ANNĒ,1,,
ANNA Z.,1,,
ANASTASIA KRISTENSEN,1,,
AMORAL,1,,
AMELIA HOLT,1,,
ALPHA TRACKS,1,,
ALEJANDRO FRANCO,1,,
AIDEN,1,,
ADAB,1,,
ACRONYM,1,,
ABAJOUR,1,,
AARON CLARK,1,,
98DOTS,1,,
.VRIL LIVE,1,,