date,event_title,stage,DJ
3/8/25 22:30,,Basement,DJ BONE
3/8/25 22:30,,Basement,MIKE SERVITO
3/8/25 22:30,,Basement,ROSE KOURTS
3/8/25 22:30,,Studio,FKA.M4A
3/8/25 22:30,,Studio,JASON KENDIG
3/8/25 22:30,,Studio,COSMO
3/7/25 22:30,BASSIANI NIGHT,Basement,NEWA
3/7/25 22:30,BASSIANI NIGHT,Basement,NDRX
3/7/25 22:30,BASSIANI NIGHT,Basement,KANCHELI
3/7/25 22:30,BASSIANI NIGHT,Basement,NEBBIERI
3/7/25 22:30,BASSIANI NIGHT,Studio,GABRIELLE KWARTENG
3/7/25 22:30,BASSIANI NIGHT,Studio,98DOTS
3/7/25 22:30,BASSIANI NIGHT,Studio,DJ SURGE
3/1/25 22:30,ALTÆR,Basement,LADY STARLIGHT LIVE
3/1/25 22:30,ALTÆR,Basement,STERAC
3/1/25 22:30,ALTÆR,Basement,AUSPEX
3/1/25 22:30,ALTÆR,Studio,DAVID ELIMELECH
3/1/25 22:30,ALTÆR,Studio,LOREN
3/1/25 22:30,ALTÆR,Studio,S'AINT PANIC
2/28/25 22:30,X-TRA.SERVICES,Basement,STEF MENDESIDIS
2/28/25 22:30,X-TRA.SERVICES,Basement,YANT
2/28/25 22:30,X-TRA.SERVICES,Basement,ÆON
2/28/25 22:30,X-TRA.SERVICES,Studio,HAAI
2/28/25 22:30,X-TRA.SERVICES,Studio,K WATA
2/28/25 22:30,X-TRA.SERVICES,Studio,LYDO
2/22/25 22:30,WRECKED,Basement,JASON KENDIG
2/22/25 22:30,WRECKED,Basement,RYAN SMITH
2/22/25 22:30,WRECKED,Studio,JADALAREIGN
2/22/25 22:30,WRECKED,Studio,RON LIKE HELL
2/21/25 22:30,FIST,Basement,X CLUB.
2/21/25 22:30,FIST,Basement,LDS
2/21/25 22:30,FIST,Basement,WORD OF COMMAND
2/21/25 22:30,FIST,Basement,DJ CLONE
2/21/25 22:30,FIST,Studio,MIKE SERVITO
2/21/25 22:30,FIST,Studio,TT
2/21/25 22:30,FIST,Studio,ALÍRIO
2/15/25 22:30,,Basement,DAX J
2/15/25 22:30,,Basement,ANNĒ
2/15/25 22:30,,Basement,ANNIE LEW
2/15/25 22:30,,Studio,KEVIN AVIANCE
2/15/25 22:30,,Studio,CHRIS CRUSE
2/15/25 22:30,,Studio,MICHAEL CIGNARALE
2/14/25 22:30,HERRENSAUNA,Basement,MCMLXXXV
2/14/25 22:30,HERRENSAUNA,Basement,DJ SALIVA
2/14/25 22:30,HERRENSAUNA,Basement,MARKUS
2/14/25 22:30,HERRENSAUNA,Studio,SCHACKE
2/14/25 22:30,HERRENSAUNA,Studio,KIM ANH
2/14/25 22:30,HERRENSAUNA,Studio,IAN CRANE
2/8/25 22:30,,Basement,DARIA KOLOSOVA
2/8/25 22:30,,Basement,ETAPP KYLE
2/8/25 22:30,,Basement,KOZHA
2/8/25 22:30,,Studio,ISABELLA
2/8/25 22:30,,Studio,SEKUCCI
2/8/25 22:30,,Studio,STERLING JUAN DIAZ
2/8/25 22:30,,Studio,KIA
2/7/25 22:30,,Basement,BLASHA & ALLATT
2/7/25 22:30,,Basement,SANDRIEN
2/7/25 22:30,,Basement,DEVOYE
2/7/25 22:30,,Studio,CHEZ DAMIER
2/7/25 22:30,,Studio,DONIS
2/7/25 22:30,,Studio,HARUKA
2/1/25 22:30,,Basement,BORIS
2/1/25 22:30,,Basement,VOLVOX
2/1/25 22:30,,Studio,MASSIMILIANO PAGLIARA
1/25/25 22:30,WRECKED,Basement,DAIYAH
1/25/25 22:30,WRECKED,Basement,FURTIVE
1/25/25 22:30,WRECKED,Basement,RON LIKE HELL
1/25/25 22:30,WRECKED,Studio,CARLOS SOUFFRONT
1/25/25 22:30,WRECKED,Studio,RYAN SMITH
1/18/25 22:30,BOUND BLACKOUT,Basement,ADRIANA LOPEZ
1/18/25 22:30,BOUND BLACKOUT,Basement,AKUA
1/18/25 22:30,BOUND BLACKOUT,Basement,KATIE REX
1/18/25 22:30,BOUND BLACKOUT,Studio,ROSE KOURTS
1/18/25 22:30,BOUND BLACKOUT,Studio,X3BUTTERFLY
1/18/25 22:30,BOUND BLACKOUT,Studio,KILOPATRAH JONES
1/11/25 22:30,,Basement,ROBERT HOOD
1/11/25 22:30,,Basement,KYRUH
1/11/25 22:30,,Basement,ELLE DEE
1/11/25 22:30,,Studio,ROI PEREZ
1/11/25 22:30,,Studio,LYRIC HOOD
1/11/25 22:30,,Studio,MAKADSI
12/21/24 22:30,,Basement,D.DAN
12/21/24 22:30,,Basement,QUELZA
12/21/24 22:30,,Basement,CSILLA
12/21/24 22:30,,Basement,COTTON
12/21/24 22:30,,Studio,MASSIMILIANO PAGLIARA
12/21/24 22:30,,Studio,JASON KENDIG
12/21/24 22:30,,Studio,MASHA MAR
12/20/24 22:30,,Basement,CHLÄR
12/20/24 22:30,,Basement,RENE WISE
12/20/24 22:30,,Basement,LYDO
12/20/24 22:30,,Studio,GIDEÖN
12/20/24 22:30,,Studio,THE CARRY NATION
12/20/24 22:30,,Studio,HEIDI LAWDEN
12/14/24 22:30,HERRENSAUNA,Basement,MCMLXXXV
12/14/24 22:30,HERRENSAUNA,Basement,CEM
12/14/24 22:30,HERRENSAUNA,Basement,ISABELLA KOEN
12/14/24 22:30,HERRENSAUNA,Basement,DJ RICHARD
12/14/24 22:30,HERRENSAUNA,Studio,OCTO OCTA
12/14/24 22:30,HERRENSAUNA,Studio,KETIA
12/14/24 22:30,HERRENSAUNA,Studio,STERLING JUAN DIAZ
12/13/24 22:30,,Basement,MAMA SNAKE
12/13/24 22:30,,Basement,JASSS
12/13/24 22:30,,Basement,LYDO
12/13/24 22:30,,Studio,ERIS DREW
12/13/24 22:30,,Studio,NATUTA
12/13/24 22:30,,Studio,X3BUTTERFLY
12/7/24 22:30,WRECKED,Basement,PAUL FLEETWOOD
12/7/24 22:30,WRECKED,Basement,RYAN SMITH
12/7/24 22:30,WRECKED,Studio,MEILGAARDEN
12/7/24 22:30,WRECKED,Studio,RON LIKE HELL
12/6/24 22:30,MAMA TOLD YA,Basement,ANETHA
12/6/24 22:30,MAMA TOLD YA,Basement,LACCHESI
12/6/24 22:30,MAMA TOLD YA,Basement,MAC DECLOS
12/6/24 22:30,MAMA TOLD YA,Studio,PEACHLYFE
12/6/24 22:30,MAMA TOLD YA,Studio,ALISON SWING
12/6/24 22:30,MAMA TOLD YA,Studio,ULTRATHEM
11/23/24 22:30,MUTUAL RYTM NIGHT,Basement,SHDW
11/23/24 22:30,MUTUAL RYTM NIGHT,Basement,RUIZ OSC1
11/23/24 22:30,MUTUAL RYTM NIGHT,Basement,SELECTIVE RESPONSE
11/23/24 22:30,MUTUAL RYTM NIGHT,Studio,KEVIN AVIANCE
11/23/24 22:30,MUTUAL RYTM NIGHT,Studio,JADALAREIGN
11/23/24 22:30,MUTUAL RYTM NIGHT,Studio,JASON KENDIG
11/22/24 22:30,,Basement,FUNCTION
11/22/24 22:30,,Basement,AKUA
11/22/24 22:30,,Basement,ALEX.COSMOS
11/22/24 22:30,,Studio,HERCULES & LOVE AFFAIR (DJ SET)
11/22/24 22:30,,Studio,MAKADSI
11/22/24 22:30,,Studio,HARUKA
11/16/24 22:30,WRECKED,Basement,DJ HOCKEY
11/16/24 22:30,WRECKED,Basement,ANTENES
11/16/24 22:30,WRECKED,Basement,RON LIKE HELL
11/16/24 22:30,WRECKED,Studio,DORISBURG
11/16/24 22:30,WRECKED,Studio,WONJA
11/16/24 22:30,WRECKED,Studio,SUCCUBASS
11/15/24 22:30,ALTÆR,Basement,TAKAAKI ITOH
11/15/24 22:30,ALTÆR,Basement,ÆON
11/15/24 22:30,ALTÆR,Basement,AUSPEX
11/15/24 22:30,ALTÆR,Studio,DJ HOLOGRAPHIC
11/15/24 22:30,ALTÆR,Studio,PARTOK
11/15/24 22:30,ALTÆR,Studio,MEZ
11/9/24 22:30,PORNCEPTUAL,Basement,NØRBAK
11/9/24 22:30,PORNCEPTUAL,Basement,AMANDA MUSSI
11/9/24 22:30,PORNCEPTUAL,Basement,ELLE DEE
11/9/24 22:30,PORNCEPTUAL,Studio,RACHEL NOON
11/9/24 22:30,PORNCEPTUAL,Studio,DEE DIGGS
11/9/24 22:30,PORNCEPTUAL,Studio,MANU MIRAN
11/8/24 22:30,FIST,Basement,FRANÇOIS X
11/8/24 22:30,FIST,Basement,SUPERGLOSS
11/8/24 22:30,FIST,Basement,WORD OF COMMAND
11/8/24 22:30,FIST,Basement,DJ CLONE
11/8/24 22:30,FIST,Studio,LONGITUDE (BOUFFANT BOUFFANT
11/8/24 22:30,FIST,Studio,JACOB MEEHAN
11/8/24 22:30,FIST,Studio,SHAUN J. WRIGHT
11/8/24 22:30,FIST,Studio,DJ MISS PARKER
11/2/24 22:30,,Basement,STEF MENDESIDIS
11/2/24 22:30,,Basement,AMORAL
11/2/24 22:30,,Basement,MOS
11/2/24 22:30,,Studio,FKA.M4A
11/2/24 22:30,,Studio,TOM PETERS
11/2/24 22:30,,Studio,SEKUCCI
11/1/24 22:30,rural,Basement,WATA IGARASHI
11/1/24 22:30,rural,Basement,ATSUSHI MAEDA
11/1/24 22:30,rural,Basement,AMELIA HOLT
11/1/24 22:30,rural,Studio,INTERSTELLAR FUNK
11/1/24 22:30,rural,Studio,NAO
11/1/24 22:30,rural,Studio,DJ HEALTHY
10/26/24 22:30,BOUND BLACKOUT,Basement,LOLSNAKE
10/26/24 22:30,BOUND BLACKOUT,Basement,X TIN
10/26/24 22:30,BOUND BLACKOUT,Basement,KATIE REX
10/26/24 22:30,BOUND BLACKOUT,Studio,NITA AVIANCE
10/26/24 22:30,BOUND BLACKOUT,Studio,DJ VOICES
10/26/24 22:30,BOUND BLACKOUT,Studio,DONOFRIO
10/25/24 22:30,,Basement,JULIANA HUXTABLE
10/25/24 22:30,,Basement,X CLUB.
10/25/24 22:30,,Basement,ANNIE LEW
10/25/24 22:30,,Studio,PABLO BOZZI
10/25/24 22:30,,Studio,TT
10/25/24 22:30,,Studio,IAN CRANE
10/19/24 22:30,WRECKED,Basement,JOTON
10/19/24 22:30,WRECKED,Basement,RON LIKE HELL
10/19/24 22:30,WRECKED,Studio,GAY MARVINE
10/19/24 22:30,WRECKED,Studio,RYAN SMITH
10/18/24 22:30,,Basement,RANDOMER
10/18/24 22:30,,Basement,BAUGRUPPE90
10/18/24 22:30,,Basement,KXAH
10/18/24 22:30,,Studio,MOMA READY
10/18/24 22:30,,Studio,KIM ANH
10/18/24 22:30,,Studio,MUTUALISM
10/12/24 22:30,,Basement,LUKE SLATER
10/12/24 22:30,,Basement,NDRX
10/12/24 22:30,,Basement,98DOTS
10/12/24 22:30,,Studio,CLARISA KIMSKII
10/12/24 22:30,,Studio,ANALOG SOUL
10/12/24 22:30,,Studio,LORANT
10/11/24 22:30,MORD NIGHT,Basement,BAS MOOY
10/11/24 22:30,MORD NIGHT,Basement,ADRIANA LOPEZ
10/11/24 22:30,MORD NIGHT,Basement,UFO95
10/11/24 22:30,MORD NIGHT,Basement,AÖCRAM
10/11/24 22:30,MORD NIGHT,Studio,PHYSICAL THERAPY
10/11/24 22:30,MORD NIGHT,Studio,MIKE SERVITO
10/11/24 22:30,MORD NIGHT,Studio,SISTER ZO
10/5/24 22:30,BCCO,Basement,DJ HYPERDRIVE
10/5/24 22:30,BCCO,Basement,PHIL BERG
10/5/24 22:30,BCCO,Basement,CSILLA
10/5/24 22:30,BCCO,Studio,MCR-T
10/5/24 22:30,BCCO,Studio,CRYME
10/5/24 22:30,BCCO,Studio,MEILGAARDEN
10/4/24 22:30,,Basement,DJ STINGRAY 313
10/4/24 22:30,,Basement,BOSTON 168
10/4/24 22:30,,Basement,ELLE DEE
10/4/24 22:30,,Studio,DJ SALIVA
10/4/24 22:30,,Studio,SEKUCCI
10/4/24 22:30,,Studio,HARUKA
9/28/24 22:30,,Basement,QUELZA
9/28/24 22:30,,Basement,NEWA
9/28/24 22:30,,Studio,FREDDY K
9/28/24 22:30,,Studio,MARIE MONTEXIER
9/28/24 22:30,,Studio,AMELIA HOLT
9/27/24 22:30,,Basement,KI/KI
9/27/24 22:30,,Basement,SALOME
9/27/24 22:30,,Basement,MORENXXX
9/27/24 22:30,,Studio,SCHACKE
9/27/24 22:30,,Studio,JEK
9/27/24 22:30,,Studio,CONNOR WRONG
9/21/24 22:30,,Basement,DANIEL AVERY
9/21/24 22:30,,Basement,BLANKA
9/21/24 22:30,,Basement,DAIYAH
9/21/24 22:30,,Studio,PEREL
9/21/24 22:30,,Studio,LAUREL HALO
9/21/24 22:30,,Studio,MASHA MAR
9/20/24 22:30,MALA JUNTA,Basement,D.DAN
9/20/24 22:30,MALA JUNTA,Basement,MAMA SNAKE
9/20/24 22:30,MALA JUNTA,Basement,HOLDEN FEDERICO
9/20/24 22:30,MALA JUNTA,Studio,RYKER
9/14/24 22:30,WRECKED,Basement,DAY THIEF
9/14/24 22:30,WRECKED,Basement,RON LIKE HELL
9/14/24 22:30,WRECKED,Studio,PEACH
9/14/24 22:30,WRECKED,Studio,RYAN SMITH
9/13/24 22:30,,Basement,DVS1
9/13/24 22:30,,Basement,BEATRICE
9/13/24 22:30,,Studio,JOB JOBSE
9/13/24 22:30,,Studio,MEILGAARDEN
9/13/24 22:30,,Studio,IAN CRANE
9/7/24 22:30,,Basement,FREDDY K
9/7/24 22:30,,Basement,ALARICO
9/7/24 22:30,,Basement,KAISER
9/7/24 22:30,,Basement,LYDO
9/7/24 22:30,,Studio,ROZA TERENZI
9/7/24 22:30,,Studio,CALL SUPER
9/7/24 22:30,,Studio,MATAS
9/6/24 22:30,,Basement,PERC
9/6/24 22:30,,Basement,CEM
9/6/24 22:30,,Basement,COTTON
9/6/24 22:30,,Studio,DJ MINX
9/6/24 22:30,,Studio,BYRON YEATES
9/6/24 22:30,,Studio,ELISSA SUCKDOG
8/31/24 22:30,,Basement,ROMAN FLÜGEL LIVE
8/31/24 22:30,,Basement,ALARICO
8/31/24 22:30,,Basement,ÆON
8/31/24 22:30,,Studio,ROI PEREZ
8/31/24 22:30,,Studio,NATUTA
8/31/24 22:30,,Studio,MARKUS
8/24/24 22:30,ALTÆR,Basement,NASTIA REIGEL
8/24/24 22:30,ALTÆR,Basement,JAMAICA SUK
8/24/24 22:30,ALTÆR,Basement,AUSPEX
8/24/24 22:30,ALTÆR,Studio,CHRIS CRUSE
8/24/24 22:30,ALTÆR,Studio,EVAN TAIL
8/24/24 22:30,ALTÆR,Studio,KIA
8/17/24 22:30,FIST,Basement,REGAL
8/17/24 22:30,FIST,Basement,ANNIE LEW
8/17/24 22:30,FIST,Basement,WORD OF COMMAND
8/17/24 22:30,FIST,Basement,DJ CLONE
8/17/24 22:30,FIST,Studio,MCMLXXXV
8/17/24 22:30,FIST,Studio,KETIA
8/17/24 22:30,FIST,Studio,JOSELO
8/10/24 22:30,,Basement,ANCIENT METHODS
8/10/24 22:30,,Basement,PHASE FATALE
8/10/24 22:30,,Basement,JUANA
8/10/24 22:30,,Basement,NE/RE/A
8/10/24 22:30,,Studio,JADALAREIGN
8/10/24 22:30,,Studio,JORKES
8/10/24 22:30,,Studio,COSMO
8/3/24 22:30,WRECKED,Basement,LEEON
8/3/24 22:30,WRECKED,Basement,RYAN SMITH
8/3/24 22:30,WRECKED,Studio,WHODAT
8/3/24 22:30,WRECKED,Studio,SCOTIA
8/3/24 22:30,WRECKED,Studio,RON LIKE HELL
7/27/24 22:30,,Basement,Ø [PHASE]
7/27/24 22:30,,Basement,HARUKA
7/27/24 22:30,,Basement,COTTON
7/27/24 22:30,,Studio,SEDEF ADASÏ
7/27/24 22:30,,Studio,SUCCUBASS
7/27/24 22:30,,Studio,MATAS
7/26/24 22:30,,Basement,RØDHAD
7/26/24 22:30,,Basement,HOLDEN FEDERICO
7/26/24 22:30,,Studio,PAURRO
7/26/24 22:30,,Studio,ANALOG SOUL
7/26/24 22:30,,Studio,SISTER ZO
7/20/24 22:30,WRECKED,Basement,CLARISA KIMSKII
7/20/24 22:30,WRECKED,Basement,RON LIKE HELL
7/20/24 22:30,WRECKED,Studio,BUDINO
7/20/24 22:30,WRECKED,Studio,LIAD KRISPIN
7/20/24 22:30,WRECKED,Studio,RYAN SMITH
7/19/24 22:30,,Basement,LUKE SLATER
7/19/24 22:30,,Basement,MAX WATTS
7/19/24 22:30,,Basement,ERIC UMBLE
7/19/24 22:30,,Studio,MIKE SERVITO
7/19/24 22:30,,Studio,SHAUN J. WRIGHT
7/19/24 22:30,,Studio,DEEP CREEP
7/13/24 22:30,ALTÆR,Basement,UVB
7/13/24 22:30,ALTÆR,Basement,MAREENA
7/13/24 22:30,ALTÆR,Basement,AUSPEX
7/13/24 22:30,ALTÆR,Studio,BÉZIER
7/13/24 22:30,ALTÆR,Studio,DEVOYE
7/13/24 22:30,ALTÆR,Studio,WHODAT
7/12/24 22:30,FIST,Basement,MIKE DEARBORN
7/12/24 22:30,FIST,Basement,FALSEBOI
7/12/24 22:30,FIST,Basement,WORD OF COMMAND
7/12/24 22:30,FIST,Basement,DJ CLONE
7/12/24 22:30,FIST,Studio,OSSX
7/12/24 22:30,FIST,Studio,ROSE KOURTS
7/12/24 22:30,FIST,Studio,JUSTIN CUDMORE
7/6/24 22:30,,Basement,FUNCTION
7/6/24 22:30,,Basement,NØRBAK
7/6/24 22:30,,Basement,UMFANG
7/6/24 22:30,,Studio,PROSUMER
7/6/24 22:30,,Studio,JASON KENDIG
7/6/24 22:30,,Studio,HARUKA
6/29/24 22:30,BOUND BLACKOUT,Basement,VOLVOX
6/29/24 22:30,BOUND BLACKOUT,Basement,KATIE REX
6/29/24 22:30,BOUND BLACKOUT,Basement,VILE
6/29/24 22:30,BOUND BLACKOUT,Studio,HARUKA
6/29/24 22:30,BOUND BLACKOUT,Studio,LINDO (JOTA B2B VICENTA)
6/29/24 22:30,BOUND BLACKOUT,Studio,RYAN FARR
6/28/24 22:30,,Basement,SCHACKE
6/28/24 22:30,,Basement,ANNIE LEW
6/28/24 22:30,,Basement,MOS
6/28/24 22:30,,Basement,MORENXXX
6/28/24 22:30,,Studio,MASSIMILIANO PAGLIARA
6/28/24 22:30,,Studio,DJ HOLOGRAPHIC
6/28/24 22:30,,Studio,JEFFREY SFIRE
6/22/24 22:30,BALANCE,Basement,ANTHONY PARASOLE
6/22/24 22:30,BALANCE,Basement,AMX
6/22/24 22:30,BALANCE,Basement,JUSTIN CUDMORE
6/22/24 22:30,BALANCE,Studio,JENNIFER CARDINI
6/22/24 22:30,BALANCE,Studio,DAVID ELIMELECH
6/22/24 22:30,BALANCE,Studio,MANU MIRAN
6/21/24 22:30,,Basement,YONTI
6/21/24 22:30,,Basement,ELLE DEE
6/21/24 22:30,,Basement,CONCRETE HUSBAND
6/21/24 22:30,,Studio,THE CARRY NATION
6/21/24 22:30,,Studio,PARTOK
6/21/24 22:30,,Studio,DONIS
6/15/24 22:30,FIST,Basement,FIEDEL
6/15/24 22:30,FIST,Basement,VEL
6/15/24 22:30,FIST,Basement,WORD OF COMMAND
6/15/24 22:30,FIST,Basement,DJ CLONE
6/15/24 22:30,FIST,Studio,MATRIXXMAN
6/15/24 22:30,FIST,Studio,SEKUCCI
6/15/24 22:30,FIST,Studio,STERLING JUAN DIAZ
6/15/24 22:30,FIST,Studio,NATUTA
6/14/24 22:30,,Basement,SCHWEFELGELB
6/14/24 22:30,,Basement,CHLOE LULA
6/14/24 22:30,,Basement,ANA B
6/14/24 22:30,,Studio,DEE DIGGS
6/14/24 22:30,,Studio,ANALOG SOUL
6/14/24 22:30,,Studio,ELI ESCOBAR
6/8/24 22:30,X-TRA.SERVICES,Basement,BARKER
6/8/24 22:30,X-TRA.SERVICES,Basement,TERENCE FIXMER
6/8/24 22:30,X-TRA.SERVICES,Basement,LYDO
6/8/24 22:30,X-TRA.SERVICES,Studio,ADAB
6/8/24 22:30,X-TRA.SERVICES,Studio,KFEELZ
6/8/24 22:30,X-TRA.SERVICES,Studio,ANTOJITO
6/7/24 22:30,,Basement,TRUNCATE
6/7/24 22:30,,Basement,TAPEFEED
6/7/24 22:30,,Basement,ROLA
6/7/24 22:30,,Studio,DJ PIERRE
6/7/24 22:30,,Studio,JUSTIN CUDMORE
6/7/24 22:30,,Studio,BOYS’ SHORTS
6/1/24 22:30,WRECKED,Basement,SHAUN J. WRIGHT
6/1/24 22:30,WRECKED,Basement,RON LIKE HELL
6/1/24 22:30,WRECKED,Basement,RYAN SMITH
6/1/24 22:30,WRECKED,Studio,BARONHAWK POITIER
6/1/24 22:30,WRECKED,Studio,RON LIKE HELL
5/31/24 22:30,,Basement,DJ STINGRAY 313
5/31/24 22:30,,Basement,JULIANA HUXTABLE
5/31/24 22:30,,Basement,ALEX.COSMOS
5/31/24 22:30,,Studio,CINTHIE
5/31/24 22:30,,Studio,CHRIS CRUSE
5/31/24 22:30,,Studio,JACOB MEEHAN
5/25/24 22:30,SPANDAU20 NIGHT,Basement,FJAAK LIVE
5/25/24 22:30,SPANDAU20 NIGHT,Basement,ELLI ACULA
5/25/24 22:30,SPANDAU20 NIGHT,Basement,ANNA Z.
5/25/24 22:30,SPANDAU20 NIGHT,Basement,J.MANUEL
5/25/24 22:30,SPANDAU20 NIGHT,Studio,KEVIN AVIANCE
5/25/24 22:30,SPANDAU20 NIGHT,Studio,X3BUTTERFLY
5/25/24 22:30,SPANDAU20 NIGHT,Studio,IAN CRANE
5/24/24 22:30,,Basement,HÉCTOR OAKS
5/24/24 22:30,,Basement,RYKER
5/24/24 22:30,,Studio,JASON KENDIG
5/24/24 22:30,,Studio,SEKUCCI
5/24/24 22:30,,Studio,GEE DEE
5/18/24 22:30,WRECKED,Basement,MARY YUZOVSKAYA
5/18/24 22:30,WRECKED,Basement,NE/RE/A
5/18/24 22:30,WRECKED,Basement,RYAN SMITH
5/18/24 22:30,WRECKED,Studio,TAMA SUMO
5/18/24 22:30,WRECKED,Studio,LAKUTI
5/18/24 22:30,WRECKED,Studio,RYAN SMITH
5/17/24 22:30,BOUND BLACKOUT,Basement,KATIE REX
5/17/24 22:30,BOUND BLACKOUT,Basement,KYRUH
5/17/24 22:30,BOUND BLACKOUT,Basement,ANDI
5/17/24 22:30,BOUND BLACKOUT,Basement,ARVIN T
5/17/24 22:30,BOUND BLACKOUT,Basement,PURE IMMANENCE
5/17/24 22:30,BOUND BLACKOUT,Studio,JIMMY EDGAR
5/17/24 22:30,BOUND BLACKOUT,Studio,JUBILEE
5/17/24 22:30,BOUND BLACKOUT,Studio,CHOQUE
5/11/24 22:30,,Basement,DJ BONE
5/11/24 22:30,,Basement,DEVOYE
5/11/24 22:30,,Basement,ELLE DEE
5/11/24 22:30,,Studio,MARCELLUS PITTMAN
5/11/24 22:30,,Studio,MIKE SERVITO
5/11/24 22:30,,Studio,LAUREN FLAX
5/10/24 22:30,RECLAIM YOUR CITY,Basement,STERAC
5/10/24 22:30,RECLAIM YOUR CITY,Basement,KR!Z
5/10/24 22:30,RECLAIM YOUR CITY,Basement,LYCHEE
5/10/24 22:30,RECLAIM YOUR CITY,Studio,RICK WADE
5/10/24 22:30,RECLAIM YOUR CITY,Studio,HARUKA
5/10/24 22:30,RECLAIM YOUR CITY,Studio,COSMO
5/4/24 22:30,BASEMENT ANNIVERSARY,Basement,BEN KLOCK
5/4/24 22:30,BASEMENT ANNIVERSARY,Basement,NEWA
5/4/24 22:30,BASEMENT ANNIVERSARY,Basement,ÆON
5/4/24 22:30,BASEMENT ANNIVERSARY,Basement,COTTON
5/4/24 22:30,BASEMENT ANNIVERSARY,Studio,LYDO
5/4/24 22:30,BASEMENT ANNIVERSARY,Studio,JEK
5/4/24 22:30,BASEMENT ANNIVERSARY,Studio,MATAS
5/4/24 22:30,BASEMENT ANNIVERSARY,Studio,MEILGAARDEN
5/4/24 22:30,BASEMENT ANNIVERSARY,Studio,IAN CRANE
5/3/24 22:30,ALTÆR,Basement,MARCEL FENGLER
5/3/24 22:30,ALTÆR,Basement,AMOTIK
5/3/24 22:30,ALTÆR,Basement,AUSPEX
5/3/24 22:30,ALTÆR,Studio,VICKI POWELL
5/3/24 22:30,ALTÆR,Studio,WILL AUTOMAGIC
5/3/24 22:30,ALTÆR,Studio,KIM ANH
4/27/24 22:30,BASSIANI NIGHT,Basement,FADI MOHEM
4/27/24 22:30,BASSIANI NIGHT,Basement,KANCHELI
4/27/24 22:30,BASSIANI NIGHT,Basement,PHILIPPA PACHO
4/27/24 22:30,BASSIANI NIGHT,Basement,NDRX
4/27/24 22:30,BASSIANI NIGHT,Studio,KIM ANN FOXMAN
4/27/24 22:30,BASSIANI NIGHT,Studio,MATAS
4/27/24 22:30,BASSIANI NIGHT,Studio,SEKUCCI
4/26/24 22:30,BOUND BLACKOUT,Basement,PARRISH SMITH
4/26/24 22:30,BOUND BLACKOUT,Basement,SAUSHA
4/26/24 22:30,BOUND BLACKOUT,Basement,KATIE REX
4/26/24 22:30,BOUND BLACKOUT,Studio,MAKADSI
4/26/24 22:30,BOUND BLACKOUT,Studio,DJ MISS PARKER
4/26/24 22:30,BOUND BLACKOUT,Studio,FLIRTY800
4/20/24 22:30,WRECKED,Basement,RON LIKE HELL
4/20/24 22:30,WRECKED,Basement,RYAN SMITH
4/20/24 22:30,WRECKED,Studio,LEONCE
4/20/24 22:30,WRECKED,Studio,KEENAN ORR
4/20/24 22:30,WRECKED,Studio,KILOPATRAH JONES
4/19/24 22:30,,Basement,ANSWER CODE REQUEST
4/19/24 22:30,,Basement,CONCRETE HUSBAND
4/19/24 22:30,,Basement,KXAH
4/19/24 22:30,,Studio,ANALOG SOUL
4/19/24 22:30,,Studio,MOMA READY
4/19/24 22:30,,Studio,TORIBIO
4/13/24 22:30,,Basement,STEF MENDESIDIS
4/13/24 22:30,,Basement,CHLÄR
4/13/24 22:30,,Basement,IAN CRANE
4/13/24 22:30,,Studio,SANDRIEN
4/13/24 22:30,,Studio,JASON KENDIG
4/13/24 22:30,,Studio,PERFECT LOVERS
4/12/24 22:30,,Basement,FUNCTION
4/12/24 22:30,,Basement,HADONE
4/12/24 22:30,,Basement,ANNIE LEW
4/12/24 22:30,,Studio,COMO SE DJ
4/12/24 22:30,,Studio,RYKER
4/12/24 22:30,,Studio,OZA
4/6/24 22:30,BALANCE,Basement,LINDSEY HERBERT
4/6/24 22:30,BALANCE,Basement,NONCOMPLIANT
4/6/24 22:30,BALANCE,Basement,JUSTIN CUDMORE
4/6/24 22:30,BALANCE,Studio,ETAPP KYLE
4/6/24 22:30,BALANCE,Studio,THE CARRY NATION
4/6/24 22:30,BALANCE,Studio,COSMO
4/5/24 22:30,HERRENSAUNA,Basement,MCMLXXXV
4/5/24 22:30,HERRENSAUNA,Basement,SALOME
4/5/24 22:30,HERRENSAUNA,Basement,FASHION
4/5/24 22:30,HERRENSAUNA,Studio,CEM
4/5/24 22:30,HERRENSAUNA,Studio,DJ SALIVA
4/5/24 22:30,HERRENSAUNA,Studio,X3BUTTERFLY
3/30/24 22:30,ALTÆR,Basement,NØRBAK
3/30/24 22:30,ALTÆR,Basement,ESTHER DUNE
3/30/24 22:30,ALTÆR,Basement,AUSPEX
3/30/24 22:30,ALTÆR,Studio,CLARISA KIMSKII
3/30/24 22:30,ALTÆR,Studio,COLORED CRAIG
3/30/24 22:30,ALTÆR,Studio,MIKE SERVITO
3/29/24 22:30,FIST,Basement,BJARKI
3/29/24 22:30,FIST,Basement,ELLE DEE
3/29/24 22:30,FIST,Basement,WORD OF COMMAND
3/29/24 22:30,FIST,Basement,DJ CLONE
3/29/24 22:30,FIST,Studio,YHA YHA
3/29/24 22:30,FIST,Studio,MOMA READY
3/29/24 22:30,FIST,Studio,MASHA MAR
3/23/24 22:30,PORNCEPTUAL,Basement,JAMAICA SUK
3/23/24 22:30,PORNCEPTUAL,Basement,VOLVOX
3/23/24 22:30,PORNCEPTUAL,Basement,LYDO
3/23/24 22:30,PORNCEPTUAL,Studio,ARIEL ZETINA
3/23/24 22:30,PORNCEPTUAL,Studio,BOUFFANT BOUFFANT
3/23/24 22:30,PORNCEPTUAL,Studio,CURSES
3/22/24 22:30,,Basement,DRUMCELL
3/22/24 22:30,,Basement,KANGDING RAY
3/22/24 22:30,,Basement,ÆON
3/22/24 22:30,,Studio,THE CARRY NATION
3/22/24 22:30,,Studio,IAN CRANE
3/22/24 22:30,,Studio,NSPERGER
3/16/24 22:30,WRECKED,Basement,PARTOK
3/16/24 22:30,WRECKED,Studio,​​T.WAN
3/15/24 22:30,,Basement,FRANÇOIS X
3/15/24 22:30,,Basement,UFO95 LIVE
3/15/24 22:30,,Basement,SEVYN 0000
3/15/24 22:30,,Studio,JEK
3/15/24 22:30,,Studio,MATAS
3/15/24 22:30,,Studio,ADOBEPRINCESS
3/9/24 22:30,,Basement,KI/KI
3/9/24 22:30,,Basement,COMO SE DJ
3/9/24 22:30,,Studio,ROI PEREZ
3/8/24 22:30,,Basement,ELLI ACULA
3/8/24 22:30,,Basement,VOLVOX
3/8/24 22:30,,Basement,MOS
3/8/24 22:30,,Studio,KEVIN AVIANCE
3/8/24 22:30,,Studio,MUTUALISM
3/8/24 22:30,,Studio,SPRKLBB
3/8/24 22:30,,Studio,FATHERHOOD
3/2/24 22:30,,Basement,REGAL
3/2/24 22:30,,Basement,BAUGRUPPE90
3/2/24 22:30,,Basement,ANNIE LEW
3/2/24 22:30,,Studio,MCR-T
3/2/24 22:30,,Studio,X-COAST
3/2/24 22:30,,Studio,STERLING JUAN DIAZ
3/1/24 22:30,,Basement,TOMMY FOUR SEVEN
3/1/24 22:30,,Basement,CHLOE LULA
3/1/24 22:30,,Basement,ARVIN T
3/1/24 22:30,,Studio,10 YEARS TIME PASSAGES: BINH
3/1/24 22:30,,Studio,EVAN BAGGS
2/24/24 22:30,DWELLER,Basement,ROBERT HOOD
2/24/24 22:30,DWELLER,Basement,DEVOYE
2/24/24 22:30,DWELLER,Basement,DAIYAH
2/24/24 22:30,DWELLER,Studio,SHAUN J. WRIGHT
2/24/24 22:30,DWELLER,Studio,MISS TWINK USA
2/24/24 22:30,DWELLER,Studio,KILOPATRAH JONES
2/23/24 22:30,BOUND BLACKOUT,Basement,CLOUDS
2/23/24 22:30,BOUND BLACKOUT,Basement,SHYBOI
2/23/24 22:30,BOUND BLACKOUT,Basement,KATIE REX
2/23/24 22:30,BOUND BLACKOUT,Studio,JACQ JILL
2/23/24 22:30,BOUND BLACKOUT,Studio,KIA
2/23/24 22:30,BOUND BLACKOUT,Studio,AL V DAM
2/17/24 22:30,,Basement,FREDDY K
2/17/24 22:30,,Studio,THE CARRY NATION
2/17/24 22:30,,Studio,JACOB MEEHAN
2/17/24 22:30,,Studio,MAKADSI
2/16/24 22:30,,Basement,HARUKA
2/16/24 22:30,,Basement,CLARISA KIMSKII
2/16/24 22:30,,Basement,SPLOOFI
2/16/24 22:30,,Basement,NICOLÒ BERNARDI
2/16/24 22:30,,Studio,ELI ESCOBAR
2/16/24 22:30,,Studio,NOMI RUIZ
2/16/24 22:30,,Studio,JOSH STEERS
2/10/24 22:30,WRECKED,Basement,AARON CLARK
2/10/24 22:30,WRECKED,Basement,ARIEL ZETINA
2/10/24 22:30,WRECKED,Basement,LYCHEE
2/10/24 22:30,WRECKED,Basement,RON LIKE HELL
2/10/24 22:30,WRECKED,Basement,RYAN SMITH
2/9/24 22:30,FAST FORWARD NIGHT,Basement,SUGAR
2/9/24 22:30,FAST FORWARD NIGHT,Basement,NEWA
2/9/24 22:30,FAST FORWARD NIGHT,Basement,RYKER
2/9/24 22:30,FAST FORWARD NIGHT,Studio,SCHACKE
2/9/24 22:30,FAST FORWARD NIGHT,Studio,X3BUTTERFLY
2/9/24 22:30,FAST FORWARD NIGHT,Studio,JEK
2/3/24 22:30,,Basement,HENNING BAER
2/3/24 22:30,,Basement,ESTELLA BOERSMA
2/3/24 22:30,,Basement,CONCRETE HUSBAND
2/3/24 22:30,,Studio,DJ MINX
2/3/24 22:30,,Studio,GABRIELLE KWARTENG
2/3/24 22:30,,Studio,SEKUCCI
2/2/24 22:30,,Basement,ANCIENT METHODS
2/2/24 22:30,,Basement,ORPHX
2/2/24 22:30,,Basement,MUERTE LENTA
2/2/24 22:30,,Studio,ANALOG SOUL
2/2/24 22:30,,Studio,ROSE KOURTS
2/2/24 22:30,,Studio,RELAXER
1/27/24 22:30,FIST,Basement,TRUNCATE
1/27/24 22:30,FIST,Basement,AMANDA MUSSI
1/27/24 22:30,FIST,Basement,WORD OF COMMAND
1/27/24 22:30,FIST,Basement,DJ CLONE
1/27/24 22:30,FIST,Studio,BORED LORD
1/27/24 22:30,FIST,Studio,KILOPATRAH JONES
1/27/24 22:30,FIST,Studio,ANTOJITO
1/20/24 22:30,WRECKED,Basement,KYRUH
1/20/24 22:30,WRECKED,Basement,RON LIKE HELL
1/20/24 22:30,WRECKED,Studio,SOLAR & MOZHGAN
1/20/24 22:30,WRECKED,Studio,RYAN SMITH
1/13/24 22:30,BALANCE,Basement,LADY STARLIGHT LIVE
1/13/24 22:30,BALANCE,Basement,HIROKO YAMAMURA
1/13/24 22:30,BALANCE,Basement,JUSTIN CUDMORE
1/13/24 22:30,BALANCE,Studio,PARTOK
1/13/24 22:30,BALANCE,Studio,CROMBY
1/13/24 22:30,BALANCE,Studio,LAUREN FLAX
12/16/23 22:30,,Basement,OSCAR MULERO
12/16/23 22:30,,Basement,BEATRICE
12/16/23 22:30,,Basement,LYDO
12/16/23 22:30,,Studio,NEWA
12/16/23 22:30,,Studio,JASON KENDIG
12/16/23 22:30,,Studio,IAN CRANE
12/15/23 22:30,,Basement,PERC
12/15/23 22:30,,Basement,JULIANA HUXTABLE
12/15/23 22:30,,Basement,WORD OF COMMAND
12/15/23 22:30,,Studio,KEVIN AVIANCE
12/15/23 22:30,,Studio,NATUTA
12/15/23 22:30,,Studio,HARUKA
12/2/23 22:30,WRECKED,Basement,JUANA
12/2/23 22:30,WRECKED,Basement,RYAN SMITH
12/2/23 22:30,WRECKED,Studio,WNGDU
12/2/23 22:30,WRECKED,Studio,RON LIKE HELL
12/1/23 22:30,,Basement,SLAM
12/1/23 22:30,,Basement,FLAVIA LAUS
12/1/23 22:30,,Basement,ERIC UMBLE
12/1/23 22:30,,Studio,MASSIMILIANO PAGLIARA
12/1/23 22:30,,Studio,DAVID ELIMELECH
12/1/23 22:30,,Studio,KIM ANH
11/18/23 22:30,,Basement,ANSWER CODE REQUEST
11/18/23 22:30,,Basement,PHILIPPA PACHO
11/18/23 22:30,,Basement,MARCO NEVES
11/18/23 22:30,,Studio,GABRIELLE KWARTENG
11/18/23 22:30,,Studio,THE CARRY NATION
11/18/23 22:30,,Studio,KIA
11/17/23 22:30,,Basement,FUNCTION
11/17/23 22:30,,Basement,RANDOMER
11/17/23 22:30,,Basement,ÆON
11/17/23 22:30,,Studio,DJ HOLOGRAPHIC
11/17/23 22:30,,Studio,GIDEÖN
11/17/23 22:30,,Studio,JACOB MEEHAN
11/11/23 22:30,BITE NITE,Basement,ANCIENT METHODS
11/11/23 22:30,BITE NITE,Basement,PHASE FATALE
11/11/23 22:30,BITE NITE,Basement,VULKANSKI
11/11/23 22:30,BITE NITE,Studio,PABLO BOZZI
11/11/23 22:30,BITE NITE,Studio,SUCCUBASS
11/11/23 22:30,BITE NITE,Studio,NE/RE/A
11/10/23 22:30,,Basement,WATA IGARASHI
11/10/23 22:30,,Basement,VOLVOX
11/10/23 22:30,,Basement,PAULA KOSKI
11/10/23 22:30,,Studio,DAN SHAKE
11/10/23 22:30,,Studio,JASON KENDIG
11/10/23 22:30,,Studio,X3BUTTERFLY
11/4/23 22:30,WRECKED,Basement,WTCHCRFT
11/4/23 22:30,WRECKED,Basement,RON LIKE HELL
11/4/23 22:30,WRECKED,Studio,FATHER DUKES
11/4/23 22:30,WRECKED,Studio,RYAN SMITH
11/3/23 22:30,Herrensauna,Basement,MCMLXXXV
11/3/23 22:30,Herrensauna,Basement,FUTURE.666
11/3/23 22:30,Herrensauna,Basement,SEVYN 0000
11/3/23 22:30,Herrensauna,Studio,CEM
11/3/23 22:30,Herrensauna,Studio,OR:LA
11/3/23 22:30,Herrensauna,Studio,DJ SALIVA
10/28/23 22:30,BOUND BLACKOUT,Basement,NUR JABER
10/28/23 22:30,BOUND BLACKOUT,Basement,KATIE REX
10/28/23 22:30,BOUND BLACKOUT,Basement,ANNIE LEW
10/28/23 22:30,BOUND BLACKOUT,Studio,X CLUB.
10/28/23 22:30,BOUND BLACKOUT,Studio,JEK
10/28/23 22:30,BOUND BLACKOUT,Studio,KILOPATRAH JONES
10/27/23 18:00,,Basement,KANGDING RAY
10/27/23 18:00,,Basement,CLARISA KIMSKII
10/27/23 18:00,,Basement,NE/RE/A
10/27/23 18:00,,Basement,CONNOR WRONG
10/27/23 18:00,,Studio,TAMA SUMO
10/27/23 18:00,,Studio,LAKUTI
10/27/23 18:00,,Studio,MIKE SERVITO
10/27/23 18:00,,Studio,CHOQUE
10/21/23 22:30,,Basement,DANIEL AVERY
10/21/23 22:30,,Basement,FADI MOHEM
10/21/23 22:30,,Basement,SPLOOFI
10/21/23 22:30,,Studio,JADALAREIGN
10/21/23 22:30,,Studio,HARUKA
10/21/23 22:30,,Studio,4AM NYC
10/21/23 22:30,,Basement,DANIEL AVERY
10/21/23 22:30,,Basement,FADI MOHEM
10/21/23 22:30,,Basement,SPLOOFI
10/21/23 22:30,,Studio,JADALAREIGN
10/21/23 22:30,,Studio,HARUKA
10/21/23 22:30,,Studio,4AM NYC
10/14/23 22:30,,Basement,RØDHÅD
10/14/23 22:30,,Basement,NDRX
10/14/23 22:30,,Basement,LYDO
10/14/23 22:30,,Studio,MATAS
10/14/23 22:30,,Studio,COMO SE DJ
10/14/23 22:30,,Studio,MEILGAARDEN
10/13/23 0:00,,Basement,REBEKAH
10/13/23 0:00,,Basement,SOMEWHEN
10/13/23 0:00,,Basement,LISAS
10/13/23 0:00,,Studio,KETIA
10/13/23 0:00,,Studio,MANU MIRAN
10/13/23 0:00,,Studio,JOSELO
10/7/23 22:30,WRECKED,Basement,NONCOMPLIANT
10/7/23 22:30,WRECKED,Basement,MATRIXXMAN
10/7/23 22:30,WRECKED,Basement,RYAN SMITH
10/7/23 22:30,WRECKED,Studio,KHIDJA
10/7/23 22:30,WRECKED,Studio,RON LIKE HELL
10/6/23 22:30,ALTÆR,Basement,LEWIS FAUTZI
10/6/23 22:30,ALTÆR,Basement,LAURA BCR
10/6/23 22:30,ALTÆR,Basement,COTTON
10/6/23 22:30,ALTÆR,Basement,AUSPEX
10/6/23 22:30,ALTÆR,Studio,NITA AVIANCE
10/6/23 22:30,ALTÆR,Studio,MIKE SERVITO
10/6/23 22:30,ALTÆR,Studio,MICHAEL MAGNAN
10/6/23 22:30,ALTÆR,Studio,ALISSA BRIANNA
9/30/23 22:30,MALA JUNTA,Basement,D.DAN
9/30/23 22:30,MALA JUNTA,Basement,ELLE DEE
9/30/23 22:30,MALA JUNTA,Studio,HYPERAKTIVIST
9/30/23 22:30,MALA JUNTA,Studio,YAZZUS
9/30/23 22:30,MALA JUNTA,Studio,LYDO
9/29/23 22:30,,Basement,CHLOE LULA
9/29/23 22:30,,Basement,BRYAN KASENIC
9/29/23 22:30,,Basement,YOUNG MALE
9/29/23 22:30,,Studio,HAAI
9/29/23 22:30,,Studio,STERLING JUAN DIAZ
9/29/23 22:30,,Studio,SISTER ZO
9/23/23 22:30,WRECKED,Basement,LEESH
9/23/23 22:30,WRECKED,Basement,RON LIKE HELL
9/23/23 22:30,WRECKED,Studio,BÉZIER
9/23/23 22:30,WRECKED,Studio,RYAN SMITH
9/22/23 22:30,,Basement,TALISMANN
9/22/23 22:30,,Basement,KYRUH
9/22/23 22:30,,Basement,CONCRETE HUSBAND
9/22/23 22:30,,Studio,SALOME
9/22/23 22:30,,Studio,MATAS
9/22/23 22:30,,Studio,RYKER
9/16/23 22:30,MORD NIGHT,Basement,BAS MOOY
9/16/23 22:30,MORD NIGHT,Basement,QUELZA
9/16/23 22:30,MORD NIGHT,Basement,ANTENES
9/16/23 22:30,MORD NIGHT,Studio,ELI ESCOBAR
9/16/23 22:30,MORD NIGHT,Studio,LOVE LETTERS
9/16/23 22:30,MORD NIGHT,Studio,COSMO
9/15/23 22:00,,Basement,MAMA SNAKE
9/15/23 22:00,,Basement,KANCHELI
9/15/23 22:00,,Basement,ALEX.COSMOS
9/15/23 22:00,,Studio,ISABELLA
9/15/23 22:00,,Studio,CHRIS CRUSE
9/15/23 22:00,,Studio,HARUKA
9/9/23 22:30,,Basement,NASTIA
9/9/23 22:30,,Basement,LOBSTER
9/9/23 22:30,,Basement,HOLDEN FEDERICO
9/9/23 22:30,,Studio,ASH LAURYN
9/9/23 22:30,,Studio,MOMA READY
9/9/23 22:30,,Studio,ARIEL ME LLAMO
9/8/23 22:30,,Basement,SCHACKE
9/8/23 22:30,,Basement,EGOTOT
9/8/23 22:30,,Basement,ÆON
9/8/23 22:30,,Studio,DJ SALIVA
9/8/23 22:30,,Studio,ADOBEPRINCESS
9/8/23 22:30,,Studio,COMO SE DJ
9/2/23 22:30,PORNCEPTUAL,Basement,FLAVIA LAUS
9/2/23 22:30,PORNCEPTUAL,Basement,DEEPNEUE
9/2/23 22:30,PORNCEPTUAL,Basement,KATIE REX
9/2/23 22:30,PORNCEPTUAL,Studio,THE CARRY NATION
9/2/23 22:30,PORNCEPTUAL,Studio,JEFFREY SFIRE
9/2/23 22:30,PORNCEPTUAL,Studio,X3BUTTERFLY
9/1/23 22:30,,Basement,EFDEMIN
9/1/23 22:30,,Basement,SETAOC MASS
9/1/23 22:30,,Basement,SPLOOFI
9/1/23 22:30,,Basement,NICOLÒ BERNARDI
9/1/23 22:30,,Studio,KEVIN AVIANCE
9/1/23 22:30,,Studio,JASON KENDIG
9/1/23 22:30,,Studio,KIM ANH
8/26/23 22:30,,Basement,.VRIL LIVE
8/26/23 22:30,,Basement,YONTI
8/26/23 22:30,,Basement,ELLE DEE
8/26/23 22:30,,Studio,ROI PEREZ
8/26/23 22:30,,Studio,GIDEÖN
8/26/23 22:30,,Studio,MEILGAARDEN
8/19/23 22:30,FIST,Basement,DINA
8/19/23 22:30,FIST,Basement,MORENXXX
8/19/23 22:30,FIST,Basement,WORD OF COMMAND
8/19/23 22:30,FIST,Basement,DJ CLONE
8/19/23 22:30,FIST,Studio,PANGAEA
8/19/23 22:30,FIST,Studio,HONEY BUN
8/19/23 22:30,FIST,Studio,FLIRTY800
8/12/23 22:30,BALANCE,Basement,DUSTIN ZAHN
8/12/23 22:30,BALANCE,Basement,LENNART WIEHE
8/12/23 22:30,BALANCE,Basement,JUSTIN CUDMORE
8/12/23 22:30,BALANCE,Studio,BEIGE
8/12/23 22:30,BALANCE,Studio,SPRKLBB
8/5/23 22:30,WRECKED,Basement,ERIKA
8/5/23 22:30,WRECKED,Basement,RON LIKE HELL
8/5/23 22:30,WRECKED,Studio,DAVIS GALVIN
8/5/23 22:30,WRECKED,Studio,RYAN SMITH
7/29/23 22:30,X-TRA.SERVICES,Basement,JAMES RUSKIN
7/29/23 22:30,X-TRA.SERVICES,Basement,DEVOYE
7/29/23 22:30,X-TRA.SERVICES,Basement,TOMÁS URQUIETA
7/29/23 22:30,X-TRA.SERVICES,Studio,SEKUCCI
7/29/23 22:30,X-TRA.SERVICES,Studio,MISS PARKER
7/29/23 22:30,X-TRA.SERVICES,Studio,LYDO
7/28/23 22:00,,Basement,FUNCTION
7/28/23 22:00,,Basement,AMOTIK
7/28/23 22:00,,Basement,ELLE DEE
7/28/23 22:00,,Studio,MUTUALISM
7/28/23 22:00,,Studio,RELAXER
7/22/23 22:30,ALTÆR,Basement,KANGDING RAY
7/22/23 22:30,ALTÆR,Basement,MARY YUZOVSKAYA
7/22/23 22:30,ALTÆR,Basement,AUSPEX
7/22/23 22:30,ALTÆR,Studio,JADALAREIGN
7/22/23 22:30,ALTÆR,Studio,STERLING JUAN DIAZ
7/22/23 22:30,ALTÆR,Studio,DAY THIEF
7/21/23 22:30,,Basement,CLARISA KIMSKII
7/21/23 22:30,,Basement,UMFANG
7/21/23 22:30,,Basement,YOUNG MALE
7/21/23 22:30,,Studio,MIKE SERVITO
7/21/23 22:30,,Studio,DEE DIGGS
7/15/23 22:30,WRECKED,Basement,CLARK PRICE
7/15/23 22:30,WRECKED,Basement,RYAN SMITH
7/15/23 22:30,WRECKED,Studio,MEZ
7/15/23 22:30,WRECKED,Studio,RON LIKE HELL
7/14/23 22:30,,Basement,DJ BONE
7/14/23 22:30,,Basement,ANALOG SOUL
7/14/23 22:30,,Basement,ROSE KOURTS
7/14/23 22:30,,Studio,PEREL
7/14/23 22:30,,Studio,FATHERHOOD
7/8/23 22:30,,Basement,HENNING BAER
7/8/23 22:30,,Basement,RON LIKE HELL
7/8/23 22:30,,Basement,LYCHEE
7/8/23 22:30,,Studio,ELI ESCOBAR
7/8/23 22:30,,Studio,KIM ANH
7/8/23 22:30,,Studio,NATUTA
7/7/23 22:30,FIST,Basement,QUEST?ONMARQ
7/7/23 22:30,FIST,Basement,1MORNING
7/7/23 22:30,FIST,Basement,MUERTE LENTA
7/7/23 22:30,FIST,Basement,WORD OF COMMAND
7/7/23 22:30,FIST,Basement,DJ CLONE
7/7/23 22:30,FIST,Studio,MISS TWINK USA
7/7/23 22:30,FIST,Studio,JEK
7/7/23 22:30,FIST,Studio,DEEP CREEP
6/30/23 22:30,,Basement,HEADLESS HORSEMAN
6/30/23 22:30,,Basement,MADNESS OF
6/30/23 22:30,,Basement,L.SANGRE
6/30/23 22:30,,Studio,GERD JANSON
6/30/23 22:30,,Studio,MAKADSI
6/30/23 22:30,,Studio,MATAS
6/24/23 22:30,BOUND BLACKOUT,Basement,FIEDEL
6/24/23 22:30,BOUND BLACKOUT,Basement,FASHION
6/24/23 22:30,BOUND BLACKOUT,Basement,KATIE REX
6/24/23 22:30,BOUND BLACKOUT,Studio,ULTRATHEM
6/24/23 22:30,BOUND BLACKOUT,Studio,WINTER WRONG
6/24/23 22:30,BOUND BLACKOUT,Studio,SISTER ZO
6/24/23 22:30,BOUND BLACKOUT,Studio,CHOQUE
6/23/23 22:30,,Basement,LYDO
6/23/23 22:30,,Basement,KYRUH
6/23/23 22:30,,Basement,DAIYAH
6/23/23 22:30,,Basement,CONCRETE HUSBAND
6/23/23 22:30,,Studio,MASSIMILIANO PAGLIARA
6/23/23 22:30,,Studio,TAMA SUMO
6/23/23 22:30,,Studio,LAKUTI
6/23/23 22:30,,Studio,X3BUTTERFLY
6/17/23 22:30,,Basement,SCHACKE
6/17/23 22:30,,Basement,NDRX
6/17/23 22:30,,Basement,ELLE DEE
6/17/23 22:30,,Studio,NDRX
6/17/23 22:30,,Studio,LAUREN FLAX
6/17/23 22:30,,Studio,MANU MIRAN
6/16/23 22:30,FIST,Basement,SLAM
6/16/23 22:30,FIST,Basement,ISABELLA KOEN
6/16/23 22:30,FIST,Basement,COTTON
6/16/23 22:30,FIST,Basement,WORD OF COMMAND
6/16/23 22:30,FIST,Basement,DJ CLONE
6/16/23 22:30,FIST,Studio,BAUGRUPPE90
6/16/23 22:30,FIST,Studio,SEVYN 0000
6/16/23 22:30,FIST,Studio,SEKUCCI
6/10/23 22:30,,Basement,DASHA RUSH
6/10/23 22:30,,Basement,TAPEFEED
6/10/23 22:30,,Basement,JAY YORK
6/10/23 22:30,,Studio,FOR FUTURES SAKE
6/10/23 22:30,,Studio,DJ RAQX
6/10/23 22:30,,Studio,DX7
6/9/23 22:30,VESELKA,Basement,PEACHLYFE
6/9/23 22:30,VESELKA,Basement,TWEEMAN
6/9/23 22:30,VESELKA,Basement,ANA B
6/9/23 22:30,VESELKA,Studio,THE CARRY NATION
6/9/23 22:30,VESELKA,Studio,JASON KENDIG
6/9/23 22:30,VESELKA,Studio,COSMO
6/3/23 22:30,WRECKED,Basement,KIM ANN FOXMAN
6/3/23 22:30,WRECKED,Basement,RON LIKE HELL
6/3/23 22:30,WRECKED,Studio,SHAUN J. WRIGHT
6/3/23 22:30,WRECKED,Studio,ROSE KOURTS
6/2/23 22:30,,Basement,ANCIENT METHODS
6/2/23 22:30,,Basement,PHASE FATALE
6/2/23 22:30,,Basement,CHLOE LULA
6/2/23 22:30,,Studio,CHRIS CRUSE
6/2/23 22:30,,Studio,PARTOK
5/27/23 22:30,,Basement,CLARISA KIMSKII
5/27/23 22:30,,Basement,SANDRIEN
5/27/23 22:30,,Basement,HOLDEN FEDERICO
5/27/23 22:30,,Studio,BINH
5/27/23 22:30,,Studio,JEK
5/27/23 22:30,,Studio,HANK JACKSON
5/26/23 22:30,,Basement,SURGEON
5/26/23 22:30,,Basement,ETAPP KYLE
5/26/23 22:30,,Basement,UMFANG
5/26/23 22:30,,Studio,JASON KENDIG
5/26/23 22:30,,Studio,DJ RAQX
5/20/23 22:30,WRECKED,Basement,ADAB
5/20/23 22:30,WRECKED,Basement,RON LIKE HELL
5/20/23 22:30,WRECKED,Studio,MASSIMILIANO PAGLIARA
5/20/23 22:30,WRECKED,Studio,RYAN SMITH
5/19/23 22:30,BOUND BLACKOUT,Basement,WALLIS
5/19/23 22:30,BOUND BLACKOUT,Basement,KATIE REX
5/19/23 22:30,BOUND BLACKOUT,Basement,SPEEDY SPICE
5/19/23 22:30,BOUND BLACKOUT,Studio,DEE DIGGS
5/19/23 22:30,BOUND BLACKOUT,Studio,MICHAEL MAGNAN
5/13/23 22:30,ALTÆR,Basement,SCALAMERIYA
5/13/23 22:30,ALTÆR,Basement,FLAVIA LAUS
5/13/23 22:30,ALTÆR,Basement,STARRK
5/13/23 22:30,ALTÆR,Basement,AUSPEX
5/13/23 22:30,ALTÆR,Studio,JUANA
5/13/23 22:30,ALTÆR,Studio,LOVE LETTERS
5/13/23 22:30,ALTÆR,Studio,KILOPATRAH JONES
5/12/23 22:30,,Basement,JULIANA HUXTABLE
5/12/23 22:30,,Basement,MANNI DEE
5/12/23 22:30,,Basement,WTCHCRFT
5/12/23 22:30,,Studio,EZY
5/12/23 22:30,,Studio,MANU MIRAN
5/12/23 22:30,,Studio,X3BUTTERFLY
5/6/23 22:30,BASEMENT ANNIVERSARY,Basement,FREDDY K
5/6/23 22:30,BASEMENT ANNIVERSARY,Basement,BEATRICE
5/6/23 22:30,BASEMENT ANNIVERSARY,Basement,LYDO
5/6/23 22:30,BASEMENT ANNIVERSARY,Studio,JEK
5/6/23 22:30,BASEMENT ANNIVERSARY,Studio,MATAS
5/6/23 22:30,BASEMENT ANNIVERSARY,Studio,MUTUALISM
5/6/23 22:30,BASEMENT ANNIVERSARY,Studio,COSMO
5/5/23 22:30,,Basement,THOMAS P. HECKMANN
5/5/23 22:30,,Basement,YOUNG MALE
5/5/23 22:30,,Basement,ELLE DEE
5/5/23 22:30,,Studio,ANALOG SOUL
5/5/23 22:30,,Studio,MIKE SERVITO
5/5/23 22:30,,Studio,DEVOYE
4/29/23 22:30,BOUND BLACKOUT,Basement,FUNCTION
4/29/23 22:30,BOUND BLACKOUT,Basement,LYDO
4/29/23 22:30,BOUND BLACKOUT,Basement,KATIE REX
4/29/23 22:30,BOUND BLACKOUT,Studio,CINTHIE
4/29/23 22:30,BOUND BLACKOUT,Studio,JADALAREIGN
4/29/23 22:30,BOUND BLACKOUT,Studio,SAVILE
4/28/23 22:30,L.I.E.S. NIGHT,Basement,LEGOWELT
4/28/23 22:30,L.I.E.S. NIGHT,Basement,VERONICA VASICKA
4/28/23 22:30,L.I.E.S. NIGHT,Basement,L.SANGRE
4/28/23 22:30,L.I.E.S. NIGHT,Studio,RON MORELLI
4/28/23 22:30,L.I.E.S. NIGHT,Studio,TRAXX
4/28/23 22:30,L.I.E.S. NIGHT,Studio,SWEATER ON POLO
4/22/23 22:30,FIST,Basement,SCHWEFELGELB
4/22/23 22:30,FIST,Basement,ANDI
4/22/23 22:30,FIST,Basement,WORD OF COMMAND
4/22/23 22:30,FIST,Basement,DJ CLONE
4/22/23 22:30,FIST,Studio,KETIA
4/22/23 22:30,FIST,Studio,8ULENTINA
4/21/23 22:30,,Basement,SHDW & OBSCURE SHAPE
4/21/23 22:30,,Basement,LARS HUISMANN
4/21/23 22:30,,Basement,CHONTANE
4/21/23 22:30,,Studio,THE CARRY NATION
4/21/23 22:30,,Studio,ELI ESCOBAR
4/21/23 22:30,,Studio,COSMO
4/21/23 22:30,,Studio,DJ RAQX
4/15/23 22:30,X-TRA.SERVICES,Basement,JURI HEIDEMANN
4/15/23 22:30,X-TRA.SERVICES,Basement,TOMÁS URQUIETA
4/15/23 22:30,X-TRA.SERVICES,Basement,LYDO
4/15/23 22:30,X-TRA.SERVICES,Studio,KIERNAN LAVEAUX
4/15/23 22:30,X-TRA.SERVICES,Studio,JOSELO
4/14/23 22:30,aufnahme + wiedergabe,Basement,ANCIENT METHODS
4/14/23 22:30,aufnahme + wiedergabe,Basement,PHILIPP STROBEL
4/14/23 22:30,aufnahme + wiedergabe,Basement,MOTIVE-A
4/14/23 22:30,aufnahme + wiedergabe,Studio,CARLOS SOUFFRONT
4/14/23 22:30,aufnahme + wiedergabe,Studio,GALCHER LUSTWERK
4/14/23 22:30,aufnahme + wiedergabe,Studio,ROSE KOURTS
4/8/23 22:30,,Basement,REBEKAH
4/8/23 22:30,,Basement,TALISMANN
4/8/23 22:30,,Basement,LYCHEE
4/8/23 22:30,,Basement,GUILT ATTENDANT
4/8/23 22:30,,Studio,HUERCO S
4/8/23 22:30,,Studio,DEBONAIR
4/8/23 22:30,,Studio,SIGNIFICANT OTHER
4/8/23 22:30,,Studio,ONLY CHILD
4/7/23 22:30,BALANCE,Basement,DJ HYPERACTIVE
4/7/23 22:30,BALANCE,Basement,CLARISA KIMSKII
4/7/23 22:30,BALANCE,Basement,JUSTIN CUDMORE
4/7/23 22:30,BALANCE,Studio,MIKE SERVITO
4/7/23 22:30,BALANCE,Studio,MADISON MOORE
4/1/23 0:00,WRECKED,Basement,T.WAN
4/1/23 0:00,WRECKED,Basement,RON LIKE HELL
4/1/23 0:00,WRECKED,Studio,FATHERHOOD
4/1/23 0:00,WRECKED,Studio,RYAN SMITH
3/31/23 22:30,,Basement,REGAL
3/31/23 22:30,,Basement,PHILIPPA PACHO
3/31/23 22:30,,Basement,BLUE HOUR
3/31/23 22:30,,Basement,LISAS
3/31/23 22:30,,Studio,RACHEL NOON
3/31/23 22:30,,Studio,MOHAJER
3/31/23 22:30,,Studio,NICK BAZZANO
3/25/23 22:30,MALA JUNTA,Basement,HYPERAKTIVIST
3/25/23 22:30,MALA JUNTA,Basement,YAZZUS
3/25/23 22:30,MALA JUNTA,Basement,KYRUH
3/25/23 22:30,MALA JUNTA,Studio,DJ TOOL
3/25/23 22:30,MALA JUNTA,Studio,WHY BE
3/25/23 22:30,MALA JUNTA,Studio,MATAS
3/24/23 22:30,,Basement,DR. RUBINSTEIN
3/24/23 22:30,,Basement,DARIA KOLOSOVA
3/24/23 22:30,,Basement,WTCHCRFT
3/24/23 22:30,,Studio,X-COAST
3/24/23 22:30,,Studio,DAVID ELIMELECH
3/24/23 22:30,,Studio,KILOPATRAH JONES
3/18/23 22:30,,Basement,OSCAR MULERO
3/18/23 22:30,,Basement,FREDDY K
3/18/23 22:30,,Basement,LYDO
3/18/23 22:30,,Studio,JASON KENDIG
3/18/23 22:30,,Studio,JEK
3/18/23 22:30,,Studio,MISS PARKER
3/17/23 22:30,,Basement,TAKAAKI ITOH
3/17/23 22:30,,Basement,HIROKO YAMAMURA
3/17/23 22:30,,Basement,UMFANG
3/17/23 22:30,,Studio,DJ MINX
3/17/23 22:30,,Studio,MIKE SERVITO
3/17/23 22:30,,Studio,LOVE LETTERS
3/17/23 22:30,,Studio,HONEY BUN
3/11/23 22:30,,Basement,DRUMCELL
3/11/23 22:30,,Basement,TIN MAN
3/11/23 22:30,,Basement,ELLE DEE
3/11/23 22:30,,Studio,MARCELLUS PITTMAN
3/11/23 22:30,,Studio,DEE DIGGS
3/11/23 22:30,,Studio,DJ RAQX
3/10/23 22:30,,Basement,MARCEL FENGLER
3/10/23 22:30,,Basement,STEYA
3/10/23 22:30,,Basement,DEEPAK SHARMA
3/10/23 22:30,,Studio,ANALOG SOUL
3/10/23 22:30,,Studio,ROSE KOURTS
3/4/23 22:30,WRECKED,Basement,AKUA
3/4/23 22:30,WRECKED,Basement,LYCHEE
3/4/23 22:30,WRECKED,Basement,FURTIVE
3/4/23 22:30,WRECKED,Studio,RON LIKE HELL
3/4/23 22:30,WRECKED,Studio,RYAN SMITH
3/3/23 22:30,ALTÆR,Basement,ADRIANA LOPEZ
3/3/23 22:30,ALTÆR,Basement,UUN
3/3/23 22:30,ALTÆR,Basement,AUSPEX
3/3/23 22:30,ALTÆR,Studio,ARIEL ZETINA
3/3/23 22:30,ALTÆR,Studio,MUTUALISM
3/3/23 22:30,ALTÆR,Studio,MANU MIRAN
2/25/23 22:30,DWELLER,Basement,TERRENCE DIXON
2/25/23 22:30,DWELLER,Basement,MAX WATTS
2/25/23 22:30,DWELLER,Basement,JUANA
2/25/23 22:30,DWELLER,Studio,FRED P
2/25/23 22:30,DWELLER,Studio,ETTA
2/24/23 22:30,,Basement,ANTHONY PARASOLE
2/24/23 22:30,,Basement,VOLVOX
2/24/23 22:30,,Basement,ANA B
2/24/23 22:30,,Studio,JUSTIN CUDMORE
2/24/23 22:30,,Studio,RELAXER
2/24/23 22:30,,Studio,SPF 50
2/18/23 22:30,,Basement,HÉCTOR OAKS
2/18/23 22:30,,Basement,KYRUH
2/18/23 22:30,,Basement,JEK
2/18/23 22:30,,Studio,GERD JANSON
2/18/23 22:30,,Studio,DEE DIGGS
2/18/23 22:30,,Studio,JASON KENDIG
2/17/23 22:30,,Basement,TRUNCATE
2/17/23 22:30,,Basement,ANALOG SOUL
2/17/23 22:30,,Basement,LYCHEE
2/17/23 22:30,,Studio,DJ PIERRE
2/17/23 22:30,,Studio,LAUREN FLAX
2/17/23 22:30,,Studio,HEIDI SABERTOOTH
2/11/23 22:30,BOUND BLACKOUT,Basement,MANNI DEE
2/11/23 22:30,BOUND BLACKOUT,Basement,KATIE REX
2/11/23 22:30,BOUND BLACKOUT,Basement,LISAS
2/11/23 22:30,BOUND BLACKOUT,Studio,ACEMO
2/11/23 22:30,BOUND BLACKOUT,Studio,ROSE KOURTS
2/11/23 22:30,BOUND BLACKOUT,Studio,TURTLE BUGG
2/10/23 22:30,FIST,Basement,RYAN JAMES FORD
2/10/23 22:30,FIST,Basement,BAPARI
2/10/23 22:30,FIST,Basement,WORD OF COMMAND
2/10/23 22:30,FIST,Basement,DJ CLONE
2/10/23 22:30,FIST,Studio,MCR-T
2/10/23 22:30,FIST,Studio,SISTER ZO
2/10/23 22:30,FIST,Studio,MATAS
2/4/23 22:30,WRECKED,Basement,PAUL FLEETWOOD
2/4/23 22:30,WRECKED,Basement,RON LIKE HELL
2/4/23 22:30,WRECKED,Studio,DJ VOICES
2/4/23 22:30,WRECKED,Studio,RYAN SMITH
1/28/23 22:30,,Basement,SPFDJ
1/28/23 22:30,,Basement,SCHACKE
1/28/23 22:30,,Basement,JEK
1/28/23 22:30,,Studio,NEWA
1/28/23 22:30,,Studio,FKA.M4A
1/21/23 22:30,BALANCE,Basement,BLOODY MARY
1/21/23 22:30,BALANCE,Basement,YOUNG MALE
1/21/23 22:30,BALANCE,Basement,JUSTIN CUDMORE
1/21/23 22:30,BALANCE,Studio,FATHERHOOD
1/21/23 22:30,BALANCE,Studio,SYBIL JASON
1/14/23 22:30,ALTÆR,Basement,SLAM
1/14/23 22:30,ALTÆR,Basement,DENISE RABE
1/14/23 22:30,ALTÆR,Basement,AUSPEX
1/14/23 22:30,ALTÆR,Studio,LEEON
1/14/23 22:30,ALTÆR,Studio,JASON KENDIG
1/14/23 22:30,ALTÆR,Studio,ANALOG SOUL
1/7/23 22:30,X-TRA.SERVICES,Basement,MIKE PARKER
1/7/23 22:30,X-TRA.SERVICES,Basement,AKUA
1/7/23 22:30,X-TRA.SERVICES,Basement,1MORNING
1/7/23 22:30,X-TRA.SERVICES,Studio,LYDO
1/7/23 22:30,X-TRA.SERVICES,Studio,SCHACKE
1/7/23 22:30,X-TRA.SERVICES,Studio,DEVOYE
12/17/22 22:30,,Basement,FUNCTION
12/17/22 22:30,,Basement,PEACHLYFE
12/17/22 22:30,,Basement,UMFANG
12/17/22 22:30,,Studio,BORIS
12/17/22 22:30,,Studio,JEK
12/16/22 22:30,BOUND BLACKOUT,Basement,WTCHCRFT
12/16/22 22:30,BOUND BLACKOUT,Basement,KATIE REX
12/16/22 22:30,BOUND BLACKOUT,Studio,JENNIFER CARDINI
12/16/22 22:30,BOUND BLACKOUT,Studio,ANALOG SOUL
12/10/22 22:30,,Basement,DVS1
12/10/22 22:30,,Basement,BEATRICE
12/10/22 22:30,,Basement,LYDO
12/10/22 22:30,,Studio,ROI PEREZ
12/10/22 22:30,,Studio,PARTOK
12/9/22 22:30,FIST,Basement,VIPER DIVA
12/9/22 22:30,FIST,Basement,UFO95
12/9/22 22:30,FIST,Basement,SPEEDY SPICE
12/9/22 22:30,FIST,Basement,WORD OF COMMAND
12/9/22 22:30,FIST,Basement,DJ CLONE
12/9/22 22:30,FIST,Studio,FALSE WITNESS
12/9/22 22:30,FIST,Studio,OZA
12/9/22 22:30,FIST,Studio,COSMO
12/3/22 22:30,WRECKED,Basement,AMX
12/3/22 22:30,WRECKED,Basement,RYAN SMITH
12/3/22 22:30,WRECKED,Studio,DEEP CREEP
12/3/22 22:30,WRECKED,Studio,RON LIKE HELL
12/2/22 22:30,,Basement,DJ STINGRAY 313
12/2/22 22:30,,Basement,PERC
12/2/22 22:30,,Basement,AKUA
12/2/22 22:30,,Studio,THE CARRY NATION
12/2/22 22:30,,Studio,DEE DIGGS
11/19/22 0:00,,Basement,RØDHÅD
11/19/22 0:00,,Basement,KANGDING RAY
11/19/22 0:00,,Basement,AKUA
11/19/22 0:00,,Studio,ANDREW JAMES GUSTAV
11/19/22 0:00,,Studio,GIO SHENGELIA
11/18/22 22:30,,Basement,TOMMY FOUR SEVEN
11/18/22 22:30,,Basement,WTCHCRFT
11/18/22 22:30,,Basement,ANA B
11/18/22 22:30,,Studio,SHAUN J. WRIGHT
11/18/22 22:30,,Studio,MIKE SERVITO
11/12/22 22:30,,Basement,DAX J
11/12/22 22:30,,Basement,NEWA
11/12/22 22:30,,Basement,TT
11/12/22 22:30,,Studio,REGULARFANTASY
11/12/22 22:30,,Studio,JASON KENDIG
11/12/22 22:30,,Studio,DEE DIGGS
11/11/22 22:30,Balance,Basement,MARCEL FENGLER
11/11/22 22:30,Balance,Basement,AADJA
11/11/22 22:30,Balance,Basement,MUTUALISM
11/11/22 22:30,Balance,Studio,LUIGI DI VENERE
11/11/22 22:30,Balance,Studio,STATHIS
11/11/22 22:30,Balance,Studio,JUSTIN CUDMORE
11/5/22 22:30,WRECKED,Basement,SHARLESE
11/5/22 22:30,WRECKED,Basement,RON LIKE HELL
11/5/22 22:30,WRECKED,Studio,MIDLAND
11/5/22 22:30,WRECKED,Studio,RYAN SMITH
11/4/22 22:30,,Basement,HÉCTOR OAKS
11/4/22 22:30,,Basement,STEF MENDESIDIS
11/4/22 22:30,,Basement,LYDO
11/4/22 22:30,,Studio,NDRX
11/4/22 22:30,,Studio,DARIA KOLOSOVA
10/28/22 22:30,BOUND BLACKOUT,Basement,DOLLHOUSE
10/28/22 22:30,BOUND BLACKOUT,Basement,HIM HUN
10/28/22 22:30,BOUND BLACKOUT,Basement,KATIE REX
10/28/22 22:30,BOUND BLACKOUT,Studio,BOUDOIR: ADAM UNKNOWN
10/28/22 22:30,BOUND BLACKOUT,Studio,BRICKLAYER
10/28/22 22:30,BOUND BLACKOUT,Studio,MATH3CA
10/28/22 22:30,BOUND BLACKOUT,Studio,MS. MANGO
10/28/22 22:30,BOUND BLACKOUT,Studio,MX. BLAIRE
10/22/22 22:30,,Basement,SOMEWHEN
10/22/22 22:30,,Basement,NUR JABER
10/22/22 22:30,,Basement,ANA B
10/22/22 22:30,,Studio,X-COAST
10/22/22 22:30,,Studio,ROSE KOURTS
10/21/22 22:30,ALTÆR,Basement,CLERIC
10/21/22 22:30,ALTÆR,Basement,P.E.A.R.L.
10/21/22 22:30,ALTÆR,Basement,AUSPEX
10/21/22 22:30,ALTÆR,Studio,CASHU
10/21/22 22:30,ALTÆR,Studio,MADISON MOORE
10/15/22 22:30,WRECKED,Basement,DEVOYE
10/15/22 22:30,WRECKED,Basement,RON LIKE HELL
10/15/22 22:30,WRECKED,Studio,SISTER SYSTEM
10/15/22 22:30,WRECKED,Studio,RYAN SMITH
10/14/22 22:30,aufnahme + wiedergabe,Basement,ANCIENT METHODS
10/14/22 22:30,aufnahme + wiedergabe,Basement,SCHWEFELGELB
10/14/22 22:30,aufnahme + wiedergabe,Basement,PHILIPP STROBEL
10/14/22 22:30,aufnahme + wiedergabe,Studio,DJ WAWA
10/14/22 22:30,aufnahme + wiedergabe,Studio,HONEY BUN
10/8/22 22:30,FIST,Basement,ETAPP KYLE
10/8/22 22:30,FIST,Basement,KYRUH
10/8/22 22:30,FIST,Basement,WORD OF COMMAND
10/8/22 22:30,FIST,Basement,DJ CLONE
10/8/22 22:30,FIST,Studio,MICHAEL MAGNAN
10/8/22 22:30,FIST,Studio,STERLING JUAN DIAZ
10/7/22 22:30,,Basement,RROSE
10/7/22 22:30,,Basement,ZADIG
10/7/22 22:30,,Basement,LYCHEE
10/7/22 22:30,,Studio,MIKE SERVITO
10/7/22 22:30,,Studio,PAÀL
10/1/22 0:00,Herrensauna,Basement,CEM
10/1/22 0:00,Herrensauna,Basement,TT
10/1/22 0:00,Herrensauna,Basement,SAUSHA
10/1/22 0:00,Herrensauna,Studio,MCMLXXXV
10/1/22 0:00,Herrensauna,Studio,DJ SALIVA
10/1/22 0:00,Herrensauna,Studio,SISTER ZO
9/30/22 22:30,X-TRA.SERVICES,Basement,JULIANA HUXTABLE
9/30/22 22:30,X-TRA.SERVICES,Basement,EGOTOT
9/30/22 22:30,X-TRA.SERVICES,Basement,SHYBOI
9/30/22 22:30,X-TRA.SERVICES,Studio,GABRIELLE KWARTENG
9/30/22 22:30,X-TRA.SERVICES,Studio,8ULENTINA
9/30/22 22:30,X-TRA.SERVICES,Studio,LYDO
9/24/22 0:00,,Basement,ANETHA
9/24/22 0:00,,Basement,AADJA
9/24/22 0:00,,Basement,ANA B
9/24/22 0:00,,Studio,DJ GIGOLA
9/24/22 0:00,,Studio,X-COAST
9/23/22 22:30,,Basement,DANIEL AVERY
9/23/22 22:30,,Basement,UMFANG
9/23/22 22:30,,Studio,INTERSTELLAR FUNK
9/23/22 22:30,,Studio,RELAXER
9/17/22 22:30,WRECKED,Basement,CLARISA KIMSKII
9/17/22 22:30,WRECKED,Basement,RYAN SMITH
9/17/22 22:30,WRECKED,Studio,JACOB MEEHAN
9/17/22 22:30,WRECKED,Studio,FATHER FIGURE
9/16/22 22:30,,Basement,WATA IGARASHI
9/16/22 22:30,,Basement,ALEJANDRO FRANCO
9/16/22 22:30,,Basement,ANTENES
9/16/22 22:30,,Studio,THE CARRY NATION
9/16/22 22:30,,Studio,DEE DIGGS
9/16/22 22:30,,Studio,KILOPATRAH JONES
9/10/22 0:00,ALTÆR,Basement,REGAL
9/10/22 0:00,ALTÆR,Basement,MADWOMAN
9/10/22 0:00,ALTÆR,Basement,AUSPEX
9/10/22 0:00,ALTÆR,Studio,EFDEMIN
9/10/22 0:00,ALTÆR,Studio,LAUREN FLAX
9/10/22 22:30,FIST,Basement,RANDOMER
9/10/22 22:30,FIST,Basement,PHILIPPA PACHO
9/10/22 22:30,FIST,Basement,WORD OF COMMAND
9/10/22 22:30,FIST,Basement,DJ CLONE
9/10/22 22:30,FIST,Studio,KIM ANN FOXMAN
9/10/22 22:30,FIST,Studio,ONIO
9/10/22 22:30,FIST,Studio,ULTRATHEM
9/3/22 0:00,FAST FORWARD NIGHT,Basement,SUGAR
9/3/22 0:00,FAST FORWARD NIGHT,Basement,EZY
9/3/22 0:00,FAST FORWARD NIGHT,Basement,TT
9/3/22 0:00,FAST FORWARD NIGHT,Studio,SCHACKE
9/3/22 0:00,FAST FORWARD NIGHT,Studio,PEACHLYFE
9/2/22 22:00,,Basement,999999999
9/2/22 22:00,,Basement,VOLVOX
9/2/22 22:00,,Basement,MADNESS OF
9/2/22 22:00,,Studio,MASSIMILIANO PAGLIARA
9/2/22 22:00,,Studio,RYAN ELLIOTT
9/2/22 22:00,,Studio,ROSE KOURTS
8/27/22 22:30,,Basement,LUKE SLATER
8/27/22 22:30,,Basement,BEATRICE
8/27/22 22:30,,Basement,UMFANG
8/20/22 22:30,BALANCE,Basement,NONCOMPLIANT
8/20/22 22:30,BALANCE,Basement,MIKE DEARBORN
8/20/22 22:30,BALANCE,Basement,JUSTIN CUDMORE
8/20/22 22:30,BALANCE,Basement,AUSPEX
8/13/22 22:30,FIST,Basement,AKUA
8/13/22 22:30,FIST,Basement,ANA B
8/13/22 22:30,FIST,Basement,GABBERBITCH69
8/13/22 22:30,FIST,Basement,LIMITBREAK!
8/13/22 22:30,FIST,Basement,WORD OF COMMAND
8/13/22 22:30,FIST,Basement,DJ CLONE
8/6/22 22:30,WRECKED,Basement,SUCCUBASS
8/6/22 22:30,WRECKED,Basement,MIKE SERVITO
8/6/22 22:30,WRECKED,Basement,RON LIKE HELL
7/29/22 0:00,L.I.E.S. NIGHT,Basement,RON MORELLI
7/29/22 0:00,L.I.E.S. NIGHT,Basement,SILENT SERVANT
7/23/22 22:30,FIST,Basement,ALPHA TRACKS
7/23/22 22:30,FIST,Basement,ESTOC
7/23/22 22:30,FIST,Basement,SAUSHA
7/23/22 22:30,FIST,Basement,SUNRISE HUNTER
7/23/22 22:30,FIST,Basement,WORD OF COMMAND
7/23/22 22:30,FIST,Basement,DJ CLONE
7/22/22 22:30,,Basement,TAPEFEED
7/22/22 22:30,,Basement,VERONICA VASICKA
7/22/22 22:30,,Basement,MOMENT OF TERROR
7/16/22 22:30,WRECKED,Basement,VICKI POWELL
7/16/22 22:30,WRECKED,Basement,MANU MIRAN
7/16/22 22:30,WRECKED,Basement,JUANA
7/16/22 22:30,WRECKED,Basement,DEE DIGGS
7/16/22 22:30,WRECKED,Basement,RYAN SMITH
7/16/22 22:30,WRECKED,Basement,RON LIKE HELL
7/15/22 22:30,,Basement,FREDDY K
7/15/22 22:30,,Basement,PANGAEA
7/15/22 22:30,,Basement,LYCHEE
7/9/22 22:30,X-TRA.SERVICES,Basement,CTRLS
7/9/22 22:30,X-TRA.SERVICES,Basement,REN G
7/9/22 22:30,X-TRA.SERVICES,Basement,LYDO
7/8/22 22:30,,Basement,REBEKAH
7/8/22 22:30,,Basement,STARKK
7/2/22 22:30,BALANCE,Basement,JAMES RUSKIN
7/2/22 22:30,BALANCE,Basement,VOLVOX
7/2/22 22:30,BALANCE,Basement,JUANA
7/2/22 22:30,BALANCE,Basement,JUSTIN CUDMORE
7/2/22 22:30,BALANCE,Basement,HIROKO YAMAMURA
6/30/22 22:30,,Basement,D.DAN
6/30/22 22:30,,Basement,PEACHLYFE
6/30/22 22:30,,Basement,TT
6/25/22 22:30,BOUND BLACKOUT,Basement,SUGAR
6/25/22 22:30,BOUND BLACKOUT,Basement,TT
6/25/22 22:30,BOUND BLACKOUT,Basement,KATIE REX
6/24/22 22:30,HERRENSAUNA,Basement,CEM
6/24/22 22:30,HERRENSAUNA,Basement,MCMLXXXV
6/24/22 22:30,HERRENSAUNA,Basement,ISABELLA KOEN
6/18/22 22:30,,Basement,FUNCTION
6/18/22 22:30,,Basement,MAX WATTS
6/18/22 22:30,,Basement,LYCHEE
6/17/22 22:30,ALTÆR,Basement,FIEDEL
6/17/22 22:30,ALTÆR,Basement,AKUA
6/17/22 22:30,ALTÆR,Basement,AUSPEX
6/11/22 22:30,,Basement,REGIS
6/11/22 22:30,,Basement,YOUNG MALE
6/11/22 22:30,,Basement,L.SANGRE
6/10/22 22:30,,Basement,ANSWER CODE REQUEST
6/10/22 22:30,,Basement,SILENT SERVANT
6/10/22 22:30,,Basement,JANUARY HUNT
6/4/22 22:30,WRECKED,Basement,BÉZIER
6/4/22 22:30,WRECKED,Basement,RON LIKE HELL
6/4/22 22:30,WRECKED,Basement,RYAN SMITH
6/3/22 22:30,,Basement,PARTOK
6/3/22 22:30,,Basement,MADISON MOORE
6/3/22 22:30,,Basement,KIM ANN FOXMAN
5/28/22 22:30,STAUB,Basement,OSCAR MULERO
5/28/22 22:30,STAUB,Basement,IRAKLI
5/28/22 22:30,STAUB,Basement,ANTENES
5/27/22 22:30,,Basement,VAGUE MÉCANIQUE LIVE
5/27/22 22:30,,Basement,TERENCE FIXMER
5/27/22 22:30,,Basement,PHASE FATALE
5/27/22 22:30,,Basement,IREEN AMNES
5/21/22 22:30,WRECKED,Basement,ABAJOUR
5/21/22 22:30,WRECKED,Basement,RYAN SMITH
5/21/22 22:30,WRECKED,Basement,RON LIKE HELL
5/14/22 22:30,,Basement,TIN MAN
5/14/22 22:30,,Basement,MIKE SERVITO
5/14/22 22:30,,Basement,JUSTIN CUDMORE
5/13/22 22:30,FIST,Basement,KILBOURNE
5/13/22 22:30,FIST,Basement,AIDEN
5/13/22 22:30,FIST,Basement,S&M
5/13/22 22:30,FIST,Basement,BURNER ACCOUNT
5/13/22 22:30,FIST,Basement,DJ CLONE
5/13/22 22:30,FIST,Basement,WORD OF COMMAND
5/7/22 22:30,BASEMENT ANNIVERSARY,Basement,JULIANA HUXTABLE
5/7/22 22:30,BASEMENT ANNIVERSARY,Basement,LYDO
5/7/22 22:30,BASEMENT ANNIVERSARY,Basement,TT
5/7/22 22:30,BASEMENT ANNIVERSARY,Basement,KYRUH
5/6/22 22:30,,Basement,REGAL
5/6/22 22:30,,Basement,VOLVOX
5/6/22 22:30,,Basement,WTCHCRFT
4/30/22 22:30,EXALT,Basement,MATRIXXMAN
4/30/22 22:30,EXALT,Basement,RON LIKE HELL
4/29/22 22:30,,Basement,TOMMY FOUR SEVEN
4/29/22 22:30,,Basement,THAM
4/29/22 22:30,,Basement,DAIYAH
4/23/22 22:30,BOUND BLACKOUT,Basement,LOKIER
4/23/22 22:30,BOUND BLACKOUT,Basement,KATIE REX
4/23/22 22:30,BOUND BLACKOUT,Basement,KYRUH
4/22/22 22:30,aufnahme + wiedergabe,Basement,NE/RE/A
4/16/22 22:30,WRECKED,Basement,RYAN SMITH
4/16/22 22:30,WRECKED,Basement,RON LIKE HELL
4/15/22 22:30,BALANCE,Basement,TRUNCATE
4/15/22 22:30,BALANCE,Basement,SHAUN J. WRIGHT
4/15/22 22:30,BALANCE,Basement,MADISON MOORE
4/15/22 22:30,BALANCE,Basement,JUSTIN CUDMORE
4/9/22 22:30,,Basement,RROSE
4/9/22 22:30,,Basement,KANGDING RAY
4/9/22 22:30,,Basement,LYCHEE
4/8/22 22:30,,Basement,LYDO
4/8/22 22:30,,Basement,WORD OF COMMAND
4/8/22 22:30,,Basement,ANA B
4/2/22 22:30,MORD NIGHT,Basement,BAS MOOY
4/2/22 22:30,MORD NIGHT,Basement,ANSOME
4/2/22 22:30,MORD NIGHT,Basement,YOUNG MALE
4/1/22 22:30,ALTÆR,Basement,SNTS
4/1/22 22:30,ALTÆR,Basement,NUR JABER
4/1/22 22:30,ALTÆR,Basement,AUSPEX
3/26/22 22:30,,Basement,NE/RE/A
3/25/22 22:30,FIST,Basement,BLUE HOUR
3/25/22 22:30,FIST,Basement,TYGAPAW
3/25/22 22:30,FIST,Basement,MEMPHY
3/25/22 22:30,FIST,Basement,DJ CLONE
3/25/22 22:30,FIST,Basement,WORD OF COMMAND
3/19/22 22:30,WRECKED,Basement,BORIS
3/19/22 22:30,WRECKED,Basement,RYAN SMITH
3/19/22 22:30,WRECKED,Basement,RON LIKE HELL
3/18/22 22:30,,Basement,FUNCTION
3/18/22 22:30,,Basement,ELLE DEE
3/12/22 22:30,,Basement,HÉCTOR OAKS
3/12/22 22:30,,Basement,RACHEL NOON
3/12/22 22:30,,Basement,TT
3/11/22 22:30,,Basement,SARA LANDRY
3/11/22 22:30,,Basement,XIORRO
3/11/22 22:30,,Basement,YOUNG MALE
3/5/22 22:30,,Basement,DJ STINGRAY
3/5/22 22:30,,Basement,KYRUH
3/5/22 22:30,,Basement,WTCHCRFT
3/4/22 22:30,,Basement,BEN KLOCK
3/4/22 22:30,,Basement,UMFANG
2/26/22 22:30,WRECKED,Basement,LIVWUTANG
2/26/22 22:30,WRECKED,Basement,RYAN SMITH
2/26/22 22:30,WRECKED,Basement,RON LIKE HELL
2/19/22 22:30,FIST,Basement,SHLØMO
2/19/22 22:30,FIST,Basement,ARIEL ZETINA
2/19/22 22:30,FIST,Basement,JANUARY HUNT
2/19/22 22:30,FIST,Basement,WORD OF COMMAND
2/19/22 22:30,FIST,Basement,DJ CLONE
2/12/22 22:30,X-TRA.SERVICES,Basement,PEACHLYFE
2/12/22 22:30,X-TRA.SERVICES,Basement,MORENXXX
2/12/22 22:30,X-TRA.SERVICES,Basement,LYDO
2/5/22 22:30,BALANCE,Basement,JULIANA HUXTABLE
2/5/22 22:30,BALANCE,Basement,VINCENT NEUMANN
2/5/22 22:30,BALANCE,Basement,JUSTIN CUDMORE
1/29/22 22:30,,Basement,ANETHA
1/29/22 22:30,,Basement,SOMEWHEN
1/29/22 22:30,,Basement,TT
1/22/22 22:30,,Basement,ANCIENT METHODS
1/22/22 22:30,,Basement,FIEDEL
1/22/22 22:30,,Basement,DAIYAH
1/15/22 22:30,POSSESSION,Basement,PARFAIT
1/15/22 22:30,POSSESSION,Basement,D.DAN
1/15/22 22:30,POSSESSION,Basement,LYDO
1/7/22 22:30,,Basement,I HATE MODELS
1/7/22 22:30,,Basement,NDRX
1/7/22 22:30,,Basement,KYRUH
12/18/21 22:30,WRECKED,Basement,JASON KENDIG
12/18/21 22:30,WRECKED,Basement,RYAN SMITH
12/11/21 22:30,BOUND BLACKOUT,Basement,ETAPP KYLE
12/11/21 22:30,BOUND BLACKOUT,Basement,FALSE WITNESS
12/11/21 22:30,BOUND BLACKOUT,Basement,KATIE REX
12/11/21 22:30,BOUND BLACKOUT,Basement,NIGHT DOLL
12/4/21 22:30,,Basement,PERC
12/4/21 22:30,,Basement,ANTPUKE
11/20/21 0:00,WRECKED,Basement,TYGAPAW
11/20/21 0:00,WRECKED,Basement,RON LIKE HELL
11/20/21 0:00,WRECKED,Basement,RYAN SMITH
11/20/21 0:00,WRECKED,Basement,TYGAPAW
11/20/21 0:00,WRECKED,Basement,RON LIKE HELL
11/20/21 0:00,WRECKED,Basement,RYAN SMITH
11/13/21 0:00,SONIC GROOVE NIGHT,Basement,FRANKIE BONES
11/13/21 0:00,SONIC GROOVE NIGHT,Basement,MAEDON
11/13/21 0:00,SONIC GROOVE NIGHT,Basement,REALMZ
11/13/21 0:00,SONIC GROOVE NIGHT,Basement,FRANKIE BONES
11/13/21 0:00,SONIC GROOVE NIGHT,Basement,MAEDON
11/13/21 0:00,SONIC GROOVE NIGHT,Basement,REALMZ
11/6/21 0:00,FIST,Basement,MISS PARKER
11/6/21 0:00,FIST,Basement,JOSELO
11/6/21 0:00,FIST,Basement,WORD OF COMMAND
11/6/21 0:00,FIST,Basement,DJ CLONE
11/6/21 0:00,FIST,Basement,DJ CLONE
11/6/21 0:00,FIST,Basement,MISS PARKER
11/6/21 0:00,FIST,Basement,JOSELO
11/6/21 0:00,FIST,Basement,WORD OF COMMAND
11/6/21 0:00,FIST,Basement,DJ CLONE
11/6/21 0:00,FIST,Basement,DJ CLONE
10/23/21 0:00,BOUND BLACKOUT,Basement,D.DAN
10/23/21 0:00,BOUND BLACKOUT,Basement,KATIE REX
10/23/21 0:00,BOUND BLACKOUT,Basement,DAIYAH
10/23/21 0:00,BOUND BLACKOUT,Basement,D.DAN
10/23/21 0:00,BOUND BLACKOUT,Basement,KATIE REX
10/23/21 0:00,BOUND BLACKOUT,Basement,DAIYAH
10/22/21 0:00,,Basement,FJAAK
10/22/21 0:00,,Basement,UMFANG
10/22/21 0:00,,Basement,AKUA
10/16/21 0:00,WRECKED,Basement,RON LIKE HELL
10/16/21 0:00,WRECKED,Basement,RYAN SMITH
10/16/21 0:00,WRECKED,Basement,RON LIKE HELL
10/16/21 0:00,WRECKED,Basement,RYAN SMITH
10/9/21 0:00,,Basement,SARA LANDRY
10/9/21 0:00,,Basement,VOLVOX
10/9/21 0:00,,Basement,JUANA
10/2/21 0:00,Function,Basement,FUNCTION
10/2/21 0:00,Function,Basement,FUNCTION
9/25/21 0:00,WRECKED,Basement,HONCHO
9/25/21 0:00,WRECKED,Basement,RON LIKE HELL
9/25/21 0:00,WRECKED,Basement,RYAN SMITH
9/25/21 0:00,WRECKED,Basement,HONCHO
9/25/21 0:00,WRECKED,Basement,RON LIKE HELL
9/25/21 0:00,WRECKED,Basement,RYAN SMITH
9/24/21 0:00,,Basement,ROBERT HOOD
9/24/21 0:00,,Basement,AURORA HALAL
9/24/21 0:00,,Basement,FADEFACE
9/17/21 0:00,,Basement,FADEFACE
9/17/21 0:00,,Basement,DAMON BRADLEY
9/17/21 0:00,,Basement,LISAS
9/11/21 0:00,FIST,Basement,LYDO
9/11/21 0:00,FIST,Basement,TT (NYC)
9/11/21 0:00,FIST,Basement,BUZZI
9/11/21 0:00,FIST,Basement,WORD OF COMMAND
9/11/21 0:00,FIST,Basement,DJ CLONE
9/11/21 0:00,FIST,Basement,LYDO
9/11/21 0:00,FIST,Basement,TT (NYC)
9/11/21 0:00,FIST,Basement,BUZZI
9/11/21 0:00,FIST,Basement,WORD OF COMMAND
9/11/21 0:00,FIST,Basement,DJ CLONE
9/10/21 0:00,,Basement,HEADLESS HORSEMAN
9/10/21 0:00,,Basement,BECKA DIAMOND
9/4/21 0:00,BITE NITE,Basement,PHASE FATALE
9/4/21 0:00,BITE NITE,Basement,SILENT SERVANT
9/4/21 0:00,BITE NITE,Basement,ABBY ECHIVERRI
9/4/21 0:00,BITE NITE,Basement,PHASE FATALE
9/4/21 0:00,BITE NITE,Basement,SILENT SERVANT
9/4/21 0:00,BITE NITE,Basement,ABBY ECHIVERRI
8/28/21 0:00,,Basement,DVS1
8/28/21 0:00,,Basement,VOLVOX
8/21/21 0:00,,Basement,VERONICA VASICKA
8/21/21 0:00,,Basement,RON MORELLI
8/21/21 0:00,,Basement,JANUARY HUNT
8/14/21 0:00,,Basement,AKUA
8/14/21 0:00,,Basement,ELLE DEE
8/7/21 0:00,,Basement,LSDXOXO
8/7/21 0:00,,Basement,NEWA
6/24/20 0:00,UNITED WE STREAM,Basement,ANTHONY PARASOLE
6/24/20 0:00,UNITED WE STREAM,Basement,MIKE SERVITO
6/24/20 0:00,UNITED WE STREAM,Basement,RACHEL NOON
6/24/20 0:00,UNITED WE STREAM,Basement,VOLVOX
6/24/20 0:00,UNITED WE STREAM,Basement,XIORRO
6/24/20 0:00,UNITED WE STREAM,Basement,ANTHONY PARASOLE
6/24/20 0:00,UNITED WE STREAM,Basement,MIKE SERVITO
6/24/20 0:00,UNITED WE STREAM,Basement,RACHEL NOON
6/24/20 0:00,UNITED WE STREAM,Basement,VOLVOX
6/24/20 0:00,UNITED WE STREAM,Basement,XIORRO
6/2/20 0:00,UNITED WE STREAM,Basement,ANTHONY PARASOLE
6/2/20 0:00,UNITED WE STREAM,Basement,MIKE SERVITO
6/2/20 0:00,UNITED WE STREAM,Basement,RACHEL NOON
6/2/20 0:00,UNITED WE STREAM,Basement,VOLVOX
6/2/20 0:00,UNITED WE STREAM,Basement,XIORRO
6/2/20 0:00,UNITED WE STREAM,Basement,ANTHONY PARASOLE
6/2/20 0:00,UNITED WE STREAM,Basement,MIKE SERVITO
6/2/20 0:00,UNITED WE STREAM,Basement,RACHEL NOON
6/2/20 0:00,UNITED WE STREAM,Basement,VOLVOX
6/2/20 0:00,UNITED WE STREAM,Basement,XIORRO
3/6/20 0:00,,Basement,DERRICK MAY
3/6/20 0:00,,Basement,ANALOG SOUL
2/29/20 0:00,ALTÆR,Basement,VSK
2/29/20 0:00,ALTÆR,Basement,HENNING BAER
2/29/20 0:00,ALTÆR,Basement,VOLVOX
2/29/20 0:00,ALTÆR,Basement,AUSPEX
2/29/20 0:00,ALTÆR,Basement,VSK
2/29/20 0:00,ALTÆR,Basement,HENNING BAER
2/29/20 0:00,ALTÆR,Basement,VOLVOX
2/29/20 0:00,ALTÆR,Basement,AUSPEX
2/28/20 0:00,,Basement,PANGAEA
2/28/20 0:00,,Basement,GALCHER LUSTWERK
2/28/20 0:00,,Basement,LAUREN FLAX
2/22/20 0:00,,Basement,LEVON VINCENT
2/22/20 0:00,,Basement,TIN MAN
2/22/20 0:00,,Basement,JUSTIN CUDMORE
2/15/20 0:00,WRECKED,Basement,JUANA
2/15/20 0:00,WRECKED,Basement,RON LIKE HELL
2/15/20 0:00,WRECKED,Basement,RYAN SMITH
2/15/20 0:00,WRECKED,Basement,JUANA
2/15/20 0:00,WRECKED,Basement,RON LIKE HELL
2/15/20 0:00,WRECKED,Basement,RYAN SMITH
2/14/20 0:00,,Basement,SHDW
2/14/20 0:00,,Basement,OBSCURE SHAPE
2/14/20 0:00,,Basement,DAMON BRADLEY
2/14/20 0:00,,Basement,ADRESTIA
2/8/20 0:00,,Basement,RANDOMER
2/8/20 0:00,,Basement,LYDO
2/7/20 0:00,,Basement,REBEKAH
2/7/20 0:00,,Basement,SHLØMO
2/7/20 0:00,,Basement,GIA
2/1/20 0:00,,Basement,999999999
2/1/20 0:00,,Basement,PARALLX
2/1/20 0:00,,Basement,JOEY QUINONES
1/31/20 0:00,,Basement,ATEQ
1/31/20 0:00,,Basement,LISAS
1/25/20 0:00,,Basement,FIEDEL
1/25/20 0:00,,Basement,NE/RE/A
1/24/20 0:00,BALANCE,Basement,MATRIXXMAN
1/24/20 0:00,BALANCE,Basement,SANDRIEN
1/24/20 0:00,BALANCE,Basement,JASON KENDIG
1/24/20 0:00,BALANCE,Basement,MIKE SERVITO
1/24/20 0:00,BALANCE,Basement,JUSTIN CUDMORE
1/24/20 0:00,BALANCE,Basement,MATRIXXMAN
1/24/20 0:00,BALANCE,Basement,SANDRIEN
1/24/20 0:00,BALANCE,Basement,JASON KENDIG
1/24/20 0:00,BALANCE,Basement,MIKE SERVITO
1/24/20 0:00,BALANCE,Basement,JUSTIN CUDMORE
1/18/20 0:00,WRECKED,Basement,MADISON MOORE
1/18/20 0:00,WRECKED,Basement,RON LIKE HELL
1/18/20 0:00,WRECKED,Basement,RYAN SMITH
1/18/20 0:00,WRECKED,Basement,MADISON MOORE
1/18/20 0:00,WRECKED,Basement,RON LIKE HELL
1/18/20 0:00,WRECKED,Basement,RYAN SMITH
1/18/20 0:00,Basement: Talks #1,Basement,MADISON MOORE
1/18/20 0:00,Basement: Talks #1,Basement,RON LIKE HELL
1/18/20 0:00,Basement: Talks #1,Basement,RYAN SMITH
1/18/20 0:00,Basement: Talks #1,Basement,MADISON MOORE
1/18/20 0:00,Basement: Talks #1,Basement,RON LIKE HELL
1/18/20 0:00,Basement: Talks #1,Basement,RYAN SMITH
1/17/20 0:00,,Basement,XIORRO
1/17/20 0:00,,Basement,AUSPEX
1/17/20 0:00,,Basement,FADEFACE
1/11/20 0:00,FIST,Basement,PERC
1/11/20 0:00,FIST,Basement,WORD OF COMMAND
1/11/20 0:00,FIST,Basement,DJ CLONE
1/11/20 0:00,FIST,Basement,PERC
1/11/20 0:00,FIST,Basement,WORD OF COMMAND
1/11/20 0:00,FIST,Basement,DJ CLONE
1/10/20 0:00,,Basement,VERONICA VASICKA
1/10/20 0:00,,Basement,HIEROGLYPHIC BEING
1/10/20 0:00,,Basement,JOHN BARERA
1/4/20 0:00,THE BUNKER,Basement,MIKE SERVITO
1/4/20 0:00,THE BUNKER,Basement,DEREK PLASLAIKO
1/4/20 0:00,THE BUNKER,Basement,CLAY WILSON
1/4/20 0:00,THE BUNKER,Basement,RRAO
1/4/20 0:00,THE BUNKER,Basement,MIKE SERVITO
1/4/20 0:00,THE BUNKER,Basement,DEREK PLASLAIKO
1/4/20 0:00,THE BUNKER,Basement,CLAY WILSON
1/4/20 0:00,THE BUNKER,Basement,RRAO
12/21/19 0:00,,Basement,AURORA HALAL
12/21/19 0:00,,Basement,UMFANG
12/21/19 0:00,,Basement,AUSPEX
12/20/19 0:00,,Basement,RYAN ELLIOTT
12/20/19 0:00,,Basement,FATHERHOOD
12/20/19 0:00,,Basement,JOEY QUINONES
12/14/19 0:00,,Basement,ANTHONY PARASOLE
12/14/19 0:00,,Basement,STEVE BICKNELL
12/13/19 0:00,THE BUNKER,Basement,AGONIS
12/13/19 0:00,THE BUNKER,Basement,DISKONNECTED
12/13/19 0:00,THE BUNKER,Basement,ERIKA
12/13/19 0:00,THE BUNKER,Basement,ANTENES
12/13/19 0:00,THE BUNKER,Basement,ABBY ECHIVERRI
12/13/19 0:00,THE BUNKER,Basement,AGONIS
12/13/19 0:00,THE BUNKER,Basement,DISKONNECTED
12/13/19 0:00,THE BUNKER,Basement,ERIKA
12/13/19 0:00,THE BUNKER,Basement,ANTENES
12/13/19 0:00,THE BUNKER,Basement,ABBY ECHIVERRI
12/7/19 0:00,WRECKED,Basement,LSDXOXO
12/7/19 0:00,WRECKED,Basement,RON LIKE HELL
12/7/19 0:00,WRECKED,Basement,RYAN SMITH
12/7/19 0:00,WRECKED,Basement,LSDXOXO
12/7/19 0:00,WRECKED,Basement,RON LIKE HELL
12/7/19 0:00,WRECKED,Basement,RYAN SMITH
12/6/19 0:00,,Basement,FJAAK
12/6/19 0:00,,Basement,RACHEL NOON
12/6/19 0:00,,Basement,WORD OF COMMAND
11/30/19 0:00,New York Trax x Voitax,Basement,MAKATON
11/30/19 0:00,New York Trax x Voitax,Basement,SWARM INTELLIGENCE
11/30/19 0:00,New York Trax x Voitax,Basement,BRENECKI
11/30/19 0:00,New York Trax x Voitax,Basement,DEFLECTOR
11/30/19 0:00,New York Trax x Voitax,Basement,CRESSIDA
11/30/19 0:00,New York Trax x Voitax,Basement,PAÀL
11/30/19 0:00,New York Trax x Voitax,Basement,MAKATON
11/30/19 0:00,New York Trax x Voitax,Basement,SWARM INTELLIGENCE
11/30/19 0:00,New York Trax x Voitax,Basement,BRENECKI
11/30/19 0:00,New York Trax x Voitax,Basement,DEFLECTOR
11/30/19 0:00,New York Trax x Voitax,Basement,CRESSIDA
11/30/19 0:00,New York Trax x Voitax,Basement,PAÀL
11/23/19 0:00,,Basement,DASHA RUSH
11/23/19 0:00,,Basement,EVIGT MÖRKER
11/23/19 0:00,,Basement,LONG COUNT CYCLE
11/22/19 0:00,FIST,Basement,VTSS
11/22/19 0:00,FIST,Basement,JASMINE INFINITI
11/22/19 0:00,FIST,Basement,CALI ROSE
11/22/19 0:00,FIST,Basement,DJ CLONE
11/22/19 0:00,FIST,Basement,WORD OF COMMAND
11/22/19 0:00,FIST,Basement,VTSS
11/22/19 0:00,FIST,Basement,JASMINE INFINITI
11/22/19 0:00,FIST,Basement,CALI ROSE
11/22/19 0:00,FIST,Basement,DJ CLONE
11/22/19 0:00,FIST,Basement,WORD OF COMMAND
11/16/19 0:00,WRECKED,Basement,RON LIKE HELL
11/16/19 0:00,WRECKED,Basement,RYAN SMITH
11/16/19 0:00,WRECKED,Basement,RON LIKE HELL
11/16/19 0:00,WRECKED,Basement,RYAN SMITH
11/15/19 0:00,,Basement,OBJEKT
11/15/19 0:00,,Basement,PEARSON SOUND
11/15/19 0:00,,Basement,HEIDI SABERTOOTH
11/9/19 0:00,Cxema Backstage,Basement,VOIN ORUWU
11/9/19 0:00,Cxema Backstage,Basement,HYPERAKTIVIST
11/9/19 0:00,Cxema Backstage,Basement,RELAXER
11/9/19 0:00,Cxema Backstage,Basement,VOIN ORUWU
11/9/19 0:00,Cxema Backstage,Basement,HYPERAKTIVIST
11/9/19 0:00,Cxema Backstage,Basement,RELAXER
11/8/19 0:00,POLEGROUP,Basement,OSCAR MULERO
11/8/19 0:00,POLEGROUP,Basement,ADRIANA LOPEZ
11/8/19 0:00,POLEGROUP,Basement,DEEPAK SHARMA
11/8/19 0:00,POLEGROUP,Basement,OSCAR MULERO
11/8/19 0:00,POLEGROUP,Basement,ADRIANA LOPEZ
11/8/19 0:00,POLEGROUP,Basement,DEEPAK SHARMA
11/1/19 0:00,Function Album Tour,Basement,FUNCTION
11/1/19 0:00,Function Album Tour,Basement,FUNCTION
11/1/19 0:00,,Basement,FUNCTION
11/1/19 0:00,,Basement,NDRX
10/26/19 0:00,WRECKED,Basement,CARLOS SOUFFRONT
10/26/19 0:00,WRECKED,Basement,RON LIKE HELL
10/26/19 0:00,WRECKED,Basement,RYAN SMITH
10/26/19 0:00,WRECKED,Basement,CARLOS SOUFFRONT
10/26/19 0:00,WRECKED,Basement,RON LIKE HELL
10/26/19 0:00,WRECKED,Basement,RYAN SMITH
10/25/19 0:00,BOUND BLACKOUT,Basement,TERENCE FIXMER
10/25/19 0:00,BOUND BLACKOUT,Basement,VOLVOX
10/25/19 0:00,BOUND BLACKOUT,Basement,AMANDA MUSSI
10/25/19 0:00,BOUND BLACKOUT,Basement,KATIE REX
10/25/19 0:00,BOUND BLACKOUT,Basement,TERENCE FIXMER
10/25/19 0:00,BOUND BLACKOUT,Basement,VOLVOX
10/25/19 0:00,BOUND BLACKOUT,Basement,AMANDA MUSSI
10/25/19 0:00,BOUND BLACKOUT,Basement,KATIE REX
10/19/19 0:00,,Basement,DJ SKULL
10/19/19 0:00,,Basement,VERRACO
10/19/19 0:00,,Basement,ADRESTIA
10/18/19 0:00,,Basement,JOEY BELTRAM
10/18/19 0:00,,Basement,TIN MAN
10/18/19 0:00,,Basement,BRYAN KASENIC
10/11/19 0:00,,Basement,ANCIENT METHODS
10/11/19 0:00,,Basement,VATICAN SHADOW
10/11/19 0:00,,Basement,NE/RE/A
10/5/19 0:00,,Basement,JOEL MULL
10/5/19 0:00,,Basement,YOUNG MALE
10/4/19 0:00,,Basement,ANASTASIA KRISTENSEN
10/4/19 0:00,,Basement,JOHN BARERA
9/28/19 0:00,,Basement,SHIFTED
9/28/19 0:00,,Basement,SNTS
9/28/19 0:00,,Basement,AURORA HALAL
9/27/19 0:00,,Basement,DANIEL AVERY
9/27/19 0:00,,Basement,RACHEL NOON
9/21/19 0:00,WRECKED,Basement,DR. RUBINSTEIN
9/21/19 0:00,WRECKED,Basement,RYAN SMITH
9/21/19 0:00,WRECKED,Basement,RON LIKE HELL
9/21/19 0:00,WRECKED,Basement,DR. RUBINSTEIN
9/21/19 0:00,WRECKED,Basement,RYAN SMITH
9/21/19 0:00,WRECKED,Basement,RON LIKE HELL
9/20/19 0:00,,Basement,ELLEN ALLIEN
9/20/19 0:00,,Basement,VOLVOX
9/20/19 0:00,,Basement,JUANA
9/13/19 0:00,THE BUNKER,Basement,WATA IGARASHI
9/13/19 0:00,THE BUNKER,Basement,BATU
9/13/19 0:00,THE BUNKER,Basement,PATRICK RUSSELL
9/13/19 0:00,THE BUNKER,Basement,LDY OSC
9/13/19 0:00,THE BUNKER,Basement,WATA IGARASHI
9/13/19 0:00,THE BUNKER,Basement,BATU
9/13/19 0:00,THE BUNKER,Basement,PATRICK RUSSELL
9/13/19 0:00,THE BUNKER,Basement,LDY OSC
9/7/19 0:00,BALANCE,Basement,VINCENT NEUMANN
9/7/19 0:00,BALANCE,Basement,SHAUN J. WRIGHT
9/7/19 0:00,BALANCE,Basement,JUSTIN CUDMORE
9/7/19 0:00,BALANCE,Basement,VINCENT NEUMANN
9/7/19 0:00,BALANCE,Basement,SHAUN J. WRIGHT
9/7/19 0:00,BALANCE,Basement,JUSTIN CUDMORE
9/6/19 0:00,,Basement,PHASE FATALE
9/6/19 0:00,,Basement,UNHUMAN
9/6/19 0:00,,Basement,ABBY ECHIVERRI
8/31/19 0:00,,Basement,RÒMAN
8/31/19 0:00,,Basement,NE/RE/A
8/30/19 0:00,QUO VADIS,Basement,STERAC
8/30/19 0:00,QUO VADIS,Basement,CLAY WILSON
8/30/19 0:00,QUO VADIS,Basement,RRAO
8/30/19 0:00,QUO VADIS,Basement,PROTEUS
8/30/19 0:00,QUO VADIS,Basement,STERAC
8/30/19 0:00,QUO VADIS,Basement,CLAY WILSON
8/30/19 0:00,QUO VADIS,Basement,RRAO
8/30/19 0:00,QUO VADIS,Basement,PROTEUS
8/24/19 0:00,,Basement,JULIANA HUXTABLE
8/24/19 0:00,,Basement,HEIDI SABERTOOTH
8/17/19 0:00,,Basement,BRENECKI
8/17/19 0:00,,Basement,AUSPEX
8/10/19 0:00,FIST,Basement,UMFANG
8/10/19 0:00,FIST,Basement,WORD OF COMMAND
8/10/19 0:00,FIST,Basement,UMFANG
8/10/19 0:00,FIST,Basement,WORD OF COMMAND
8/3/19 0:00,WRECKED,Basement,PARTOK
8/3/19 0:00,WRECKED,Basement,RYAN SMITH
8/3/19 0:00,WRECKED,Basement,RON LIKE HELL
8/3/19 0:00,WRECKED,Basement,PARTOK
8/3/19 0:00,WRECKED,Basement,RYAN SMITH
8/3/19 0:00,WRECKED,Basement,RON LIKE HELL
7/27/19 0:00,,Basement,JULIA GOVOR
7/27/19 0:00,,Basement,DASHA REDKINA
7/27/19 0:00,,Basement,RELAXER
7/26/19 0:00,,Basement,MATRIXXMAN
7/26/19 0:00,,Basement,NTHNG
7/20/19 0:00,,Basement,HÉCTOR OAKS
7/20/19 0:00,,Basement,NDRX
7/19/19 0:00,,Basement,SHDW
7/19/19 0:00,,Basement,OBSCURE SHAPE
7/19/19 0:00,,Basement,DAMON BRADLEY
7/13/19 0:00,,Basement,BROKEN ENGLISH CLUB
7/13/19 0:00,,Basement,THOMAS HESSLER
7/13/19 0:00,,Basement,FADEFACE
7/12/19 0:00,,Basement,BEN SIMS
7/12/19 0:00,,Basement,TAPEFEED
7/12/19 0:00,,Basement,NE/RE/A
7/6/19 0:00,FOURTH WORLD,Basement,JOEY BELTRAM
7/6/19 0:00,FOURTH WORLD,Basement,GALCHER LUSTWERK
7/6/19 0:00,FOURTH WORLD,Basement,THE CARRY NATION
7/6/19 0:00,FOURTH WORLD,Basement,GOODDROID
7/6/19 0:00,FOURTH WORLD,Basement,CALI ROSE
7/6/19 0:00,FOURTH WORLD,Basement,J. ALBERT
7/6/19 0:00,FOURTH WORLD,Basement,LONG COUNT CYCLE
7/6/19 0:00,FOURTH WORLD,Basement,LOGAN TAKAHASHI
7/6/19 0:00,FOURTH WORLD,Basement,DEE DIGGS
7/6/19 0:00,FOURTH WORLD,Basement,ACEMO
7/6/19 0:00,FOURTH WORLD,Basement,RACHEL NOON
7/6/19 0:00,FOURTH WORLD,Basement,KIKI KUDO
7/6/19 0:00,FOURTH WORLD,Basement,OLIVE T
7/6/19 0:00,FOURTH WORLD,Basement,MOTIV-A
7/6/19 0:00,FOURTH WORLD,Basement,GIA
7/6/19 0:00,FOURTH WORLD,Basement,JANUARY HUNT
7/6/19 0:00,FOURTH WORLD,Basement,LYDO
7/6/19 0:00,FOURTH WORLD,Basement,ADRESTIA
7/6/19 0:00,FOURTH WORLD,Basement,SHY EYEZ
7/6/19 0:00,FOURTH WORLD,Basement,OCTONOMY
7/6/19 0:00,FOURTH WORLD,Basement,PH (12)
7/6/19 0:00,FOURTH WORLD,Basement,PURE IMMANENCE
7/6/19 0:00,FOURTH WORLD,Basement,GAUL PLUS
7/6/19 0:00,FOURTH WORLD,Basement,TORIBIO
7/6/19 0:00,FOURTH WORLD,Basement,ALONZO
7/6/19 0:00,FOURTH WORLD,Basement,DONNY BURLIN
7/6/19 0:00,FOURTH WORLD,Basement,ROB SEURAT
7/6/19 0:00,FOURTH WORLD,Basement,DJ HEALTHY
7/6/19 0:00,FOURTH WORLD,Basement,JOEY BELTRAM
7/6/19 0:00,FOURTH WORLD,Basement,GALCHER LUSTWERK
7/6/19 0:00,FOURTH WORLD,Basement,THE CARRY NATION
7/6/19 0:00,FOURTH WORLD,Basement,GOODDROID
7/6/19 0:00,FOURTH WORLD,Basement,CALI ROSE
7/6/19 0:00,FOURTH WORLD,Basement,J. ALBERT
7/6/19 0:00,FOURTH WORLD,Basement,LONG COUNT CYCLE
7/6/19 0:00,FOURTH WORLD,Basement,LOGAN TAKAHASHI
7/6/19 0:00,FOURTH WORLD,Basement,DEE DIGGS
7/6/19 0:00,FOURTH WORLD,Basement,ACEMO
7/6/19 0:00,FOURTH WORLD,Basement,RACHEL NOON
7/6/19 0:00,FOURTH WORLD,Basement,KIKI KUDO
7/6/19 0:00,FOURTH WORLD,Basement,OLIVE T
7/6/19 0:00,FOURTH WORLD,Basement,MOTIV-A
7/6/19 0:00,FOURTH WORLD,Basement,GIA
7/6/19 0:00,FOURTH WORLD,Basement,JANUARY HUNT
7/6/19 0:00,FOURTH WORLD,Basement,LYDO
7/6/19 0:00,FOURTH WORLD,Basement,ADRESTIA
7/6/19 0:00,FOURTH WORLD,Basement,SHY EYEZ
7/6/19 0:00,FOURTH WORLD,Basement,OCTONOMY
7/6/19 0:00,FOURTH WORLD,Basement,PH (12)
7/6/19 0:00,FOURTH WORLD,Basement,PURE IMMANENCE
7/6/19 0:00,FOURTH WORLD,Basement,GAUL PLUS
7/6/19 0:00,FOURTH WORLD,Basement,TORIBIO
7/6/19 0:00,FOURTH WORLD,Basement,ALONZO
7/6/19 0:00,FOURTH WORLD,Basement,DONNY BURLIN
7/6/19 0:00,FOURTH WORLD,Basement,ROB SEURAT
7/6/19 0:00,FOURTH WORLD,Basement,DJ HEALTHY
7/5/19 0:00,,Basement,ANSWER CODE REQUEST
7/5/19 0:00,,Basement,MARY YUZOVSKAYA
6/29/19 0:00,,Basement,SOMEWHEN
6/29/19 0:00,,Basement,JUANA
6/29/19 0:00,,Basement,XIORRO
6/28/19 0:00,,Basement,HORSE MEAT DISCO
6/28/19 0:00,,Basement,STEFFI
6/28/19 0:00,,Basement,AURORA HALAL
6/22/19 0:00,,Basement,ETAPP KYLE
6/22/19 0:00,,Basement,ACRONYM
6/22/19 0:00,,Basement,KATIE REX
6/21/19 0:00,,Basement,JUAN ATKINS
6/21/19 0:00,,Basement,YOUNG MALE
6/21/19 0:00,,Basement,AUSPEX
6/14/19 0:00,,Basement,FIEDEL
6/14/19 0:00,,Basement,TIN MAN
6/14/19 0:00,,Basement,JUSTIN CUDMORE
6/8/19 0:00,QUO VADIS,Basement,VERONICA VASICKA
6/8/19 0:00,QUO VADIS,Basement,L.SANGRE
6/8/19 0:00,QUO VADIS,Basement,ORPHX
6/8/19 0:00,QUO VADIS,Basement,NIHAL RAMCHANDANI
6/8/19 0:00,QUO VADIS,Basement,VERONICA VASICKA
6/8/19 0:00,QUO VADIS,Basement,L.SANGRE
6/8/19 0:00,QUO VADIS,Basement,ORPHX
6/8/19 0:00,QUO VADIS,Basement,NIHAL RAMCHANDANI
6/7/19 0:00,,Basement,FUNCTION
6/7/19 0:00,,Basement,STEVE BICKNELL
6/7/19 0:00,,Basement,SOPHIA SAZE
6/1/19 0:00,,Basement,FJAAK
6/1/19 0:00,,Basement,NEWA
6/1/19 0:00,,Basement,AURORA HALAL
5/31/19 0:00,,Basement,TOMMY FOUR SEVEN
5/31/19 0:00,,Basement,SILENT SERVANT
5/31/19 0:00,,Basement,KATIE REX
5/25/19 0:00,,Basement,999999999
5/25/19 0:00,,Basement,FABRIZIO LAPIANA
5/24/19 0:00,,Basement,LUKE SLATER
5/24/19 0:00,,Basement,IRAKLI
5/24/19 0:00,,Basement,CALEB ESC
5/24/19 0:00,,Basement,ADRESTIA
5/18/19 0:00,WRECKED,Basement,WRECKED
5/18/19 0:00,WRECKED,Basement,RON LIKE HELL
5/18/19 0:00,WRECKED,Basement,RYAN SMITH
5/18/19 0:00,WRECKED,Basement,WRECKED
5/18/19 0:00,WRECKED,Basement,RON LIKE HELL
5/18/19 0:00,WRECKED,Basement,RYAN SMITH
5/17/19 0:00,,Basement,HEADLESS HORSEMAN
5/17/19 0:00,,Basement,VATICAN SHADOW
5/17/19 0:00,,Basement,VOLVOX
5/17/19 0:00,,Basement,BECKA DIAMOND
5/11/19 0:00,,Basement,DVS1
5/11/19 0:00,,Basement,BRYAN KASENIC
5/10/19 0:00,,Basement,REBEKAH
5/10/19 0:00,,Basement,HEIDI SABERTOOTH
5/10/19 0:00,,Basement,AUSPEX
5/10/19 0:00,,Basement,NE/RE/A